customer_id,customer_name,email,phone,region,segment,created_at,updated_at
C05501,Arjun Rao,arjun.rao5501@example.com,+91-9000005501,SOUTH,PREMIUM,2025-02-21 04:00:00,2025-06-04 04:00:00
C05502,Vikram Kumar,vikram.kumar5502@example.com,+91-9000005502,NORTH,PREMIUM,2025-03-04 03:00:00,2025-04-01 03:00:00
C05503,Nikhil Iyer,nikhil.iyer5503@example.com,+91-9000005503,NORTH,PREMIUM,2025-08-24 22:00:00,2025-12-13 22:00:00
C05504,Diya Mehta,diya.mehta5504@example.com,+91-9000005504,WEST,PREMIUM,2026-02-20 14:00:00,2026-02-20 14:00:00
C05505,Ananya Kumar,ananya.kumar5505@example.com,+91-9000005505,NORTH,STANDARD,2025-03-02 15:00:00,2025-07-28 15:00:00
C05506,Priya Reddy,priya.reddy5506@example.com,+91-9000005506,WEST,PREMIUM,2025-08-30 15:00:00,2025-11-04 15:00:00
C05507,Sai Gupta,sai.gupta5507@example.com,+91-9000005507,WEST,STANDARD,2026-07-06 17:00:00,2026-08-28 17:00:00
C05508,Sai Rao,sai.rao5508@example.com,+91-9000005508,WEST,PREMIUM,2025-01-23 23:00:00,2025-05-18 23:00:00
C05509,Pooja Kumar,pooja.kumar5509@example.com,+91-9000005509,WEST,STANDARD,2026-05-10 04:00:00,2026-06-14 04:00:00
C05510,Kavya Mehta,kavya.mehta5510@example.com,+91-9000005510,NORTH,PREMIUM,2025-08-07 23:00:00,2025-08-13 23:00:00
C05511,Neha Iyer,neha.iyer5511@example.com,+91-9000005511,NORTH,PREMIUM,2025-11-17 20:00:00,2026-03-02 20:00:00
C05512,Aisha Das,aisha.das5512@example.com,+91-9000005512,SOUTH,STANDARD,2026-08-29 19:00:00,2027-02-19 19:00:00
C05513,Sneha Nair,sneha.nair5513@example.com,+91-9000005513,NORTH,PREMIUM,2025-11-29 02:00:00,2026-01-22 02:00:00
C05514,Arjun Kumar,arjun.kumar5514@example.com,+91-9000005514,WEST,STANDARD,2025-09-04 13:00:00,2026-02-25 13:00:00
C05515,Kavya Chowdhury,kavya.chowdhury5515@example.com,+91-9000005515,WEST,CORPORATE,2025-05-07 02:00:00,2025-10-09 02:00:00
C05516,Pooja Das,pooja.das5516@example.com,+91-9000005516,SOUTH,PREMIUM,2025-09-09 00:00:00,2025-12-24 00:00:00
C05517,Ananya Reddy,ananya.reddy5517@example.com,+91-9000005517,WEST,CORPORATE,2025-03-24 11:00:00,2025-06-15 11:00:00
C05518,Aisha Chowdhury,aisha.chowdhury5518@example.com,+91-9000005518,NORTH,PREMIUM,2025-04-08 02:00:00,2025-08-28 02:00:00
C05519,Arjun Nair,arjun.nair5519@example.com,+91-9000005519,NORTH,PREMIUM,2026-03-14 02:00:00,2026-05-08 02:00:00
C05520,Ananya Reddy,ananya.reddy5520@example.com,+91-9000005520,EAST,STANDARD,2025-11-01 05:00:00,2026-03-27 05:00:00
C05521,Meera Das,meera.das5521@example.com,+91-9000005521,SOUTH,PREMIUM,2025-12-16 20:00:00,2026-02-04 20:00:00
C05522,Rohan Nair,rohan.nair5522@example.com,+91-9000005522,NORTH,CORPORATE,2025-02-07 23:00:00,2025-05-08 23:00:00
C05523,Kiran Kumar,kiran.kumar5523@example.com,+91-9000005523,NORTH,CORPORATE,2025-11-15 22:00:00,2026-03-19 22:00:00
C05524,Kiran Kumar,kiran.kumar5524@example.com,+91-9000005524,EAST,PREMIUM,2026-06-21 03:00:00,2026-08-10 03:00:00
C05525,Nikhil Singh,nikhil.singh5525@example.com,+91-9000005525,SOUTH,PREMIUM,2025-09-04 20:00:00,2025-11-29 20:00:00
C05526,Priya Gupta,priya.gupta5526@example.com,+91-9000005526,EAST,PREMIUM,2026-05-17 22:00:00,2026-07-25 22:00:00
C05527,Rohan Reddy,rohan.reddy5527@example.com,+91-9000005527,WEST,STANDARD,2026-08-13 20:00:00,2026-08-22 20:00:00
C05528,Ananya Kumar,ananya.kumar5528@example.com,+91-9000005528,NORTH,STANDARD,2026-01-06 05:00:00,2026-03-19 05:00:00
C05529,Sai Kumar,sai.kumar5529@example.com,+91-9000005529,WEST,STANDARD,2025-01-20 05:00:00,2025-02-06 05:00:00
C05530,Priya Gupta,priya.gupta5530@example.com,+91-9000005530,WEST,CORPORATE,2025-02-02 10:00:00,2025-06-10 10:00:00
C05531,Sneha Verma,sneha.verma5531@example.com,+91-9000005531,SOUTH,CORPORATE,2025-02-15 13:00:00,2025-05-11 13:00:00
C05532,Sneha Verma,sneha.verma5532@example.com,+91-9000005532,WEST,STANDARD,2025-05-04 09:00:00,2025-06-02 09:00:00
C05533,Vivaan Rao,vivaan.rao5533@example.com,+91-9000005533,SOUTH,PREMIUM,2025-10-06 14:00:00,2026-03-27 14:00:00
C05534,Neha Joshi,neha.joshi5534@example.com,+91-9000005534,NORTH,CORPORATE,2025-07-16 22:00:00,2025-10-11 22:00:00
C05535,Aarav Das,aarav.das5535@example.com,+91-9000005535,WEST,CORPORATE,2025-12-14 18:00:00,2026-05-24 18:00:00
C05536,Pooja Gupta,pooja.gupta5536@example.com,+91-9000005536,SOUTH,CORPORATE,2025-07-30 05:00:00,2025-07-31 05:00:00
C05537,Rohan Das,rohan.das5537@example.com,+91-9000005537,SOUTH,STANDARD,2025-12-06 18:00:00,2025-12-26 18:00:00
C05538,Ishita Sharma,ishita.sharma5538@example.com,+91-9000005538,EAST,CORPORATE,2025-07-01 03:00:00,2025-09-15 03:00:00
C05539,Rahul Rao,rahul.rao5539@example.com,+91-9000005539,NORTH,STANDARD,2026-02-09 19:00:00,2026-06-16 19:00:00
C05540,Sai Reddy,sai.reddy5540@example.com,+91-9000005540,SOUTH,CORPORATE,2025-08-24 14:00:00,2026-01-12 14:00:00
C05541,Sai Rao,sai.rao5541@example.com,+91-9000005541,NORTH,STANDARD,2026-08-27 22:00:00,2026-11-17 22:00:00
C05542,Priya Reddy,priya.reddy5542@example.com,+91-9000005542,NORTH,STANDARD,2025-07-13 00:00:00,2025-07-28 00:00:00
C05543,Diya Das,diya.das5543@example.com,+91-9000005543,NORTH,PREMIUM,2026-03-04 17:00:00,2026-07-31 17:00:00
C05544,Rahul Mehta,rahul.mehta5544@example.com,+91-9000005544,WEST,PREMIUM,2026-02-02 05:00:00,2026-05-06 05:00:00
C05545,Aditya Das,aditya.das5545@example.com,+91-9000005545,NORTH,CORPORATE,2025-05-17 04:00:00,2025-06-17 04:00:00
C05546,Nikhil Verma,nikhil.verma5546@example.com,+91-9000005546,WEST,STANDARD,2025-03-25 11:00:00,2025-09-01 11:00:00
C05547,Aarav Gupta,aarav.gupta5547@example.com,+91-9000005547,WEST,PREMIUM,2026-04-01 14:00:00,2026-08-17 14:00:00
C05548,Aisha Reddy,aisha.reddy5548@example.com,+91-9000005548,WEST,PREMIUM,2026-07-11 21:00:00,2026-12-25 21:00:00
C05549,Vikram Chowdhury,vikram.chowdhury5549@example.com,+91-9000005549,EAST,CORPORATE,2025-11-14 00:00:00,2026-02-22 00:00:00
C05550,Nikhil Nair,nikhil.nair5550@example.com,+91-9000005550,WEST,STANDARD,2025-05-30 17:00:00,2025-11-10 17:00:00
C05551,Pooja Gupta,pooja.gupta5551@example.com,+91-9000005551,SOUTH,STANDARD,2025-10-16 12:00:00,2026-01-27 12:00:00
C05552,Neha Nair,neha.nair5552@example.com,+91-9000005552,NORTH,CORPORATE,2025-05-17 03:00:00,2025-05-21 03:00:00
C05553,Priya Kapoor,priya.kapoor5553@example.com,+91-9000005553,NORTH,STANDARD,2026-02-09 21:00:00,2026-03-22 21:00:00
C05554,Ananya Kumar,ananya.kumar5554@example.com,+91-9000005554,WEST,PREMIUM,2025-09-01 13:00:00,2025-12-04 13:00:00
C05555,Priya Reddy,priya.reddy5555@example.com,+91-9000005555,SOUTH,STANDARD,2026-04-03 13:00:00,2026-09-28 13:00:00
C05556,Arjun Das,arjun.das5556@example.com,+91-9000005556,WEST,STANDARD,2026-04-25 08:00:00,2026-05-20 08:00:00
C05557,Rahul Kapoor,rahul.kapoor5557@example.com,+91-9000005557,SOUTH,STANDARD,2025-02-11 02:00:00,2025-05-02 02:00:00
C05558,Sneha Rao,sneha.rao5558@example.com,+91-9000005558,NORTH,CORPORATE,2025-10-07 11:00:00,2026-02-18 11:00:00
C05559,Aarav Joshi,aarav.joshi5559@example.com,+91-9000005559,NORTH,STANDARD,2026-04-03 17:00:00,2026-04-07 17:00:00
C05560,Meera Mehta,meera.mehta5560@example.com,+91-9000005560,WEST,PREMIUM,2025-06-28 03:00:00,2025-11-12 03:00:00
C05561,Ananya Kumar,ananya.kumar5561@example.com,+91-9000005561,NORTH,CORPORATE,2025-12-30 02:00:00,2026-06-15 02:00:00
C05562,Sai Singh,sai.singh5562@example.com,+91-9000005562,SOUTH,CORPORATE,2025-06-03 01:00:00,2025-06-15 01:00:00
C05563,Kiran Chowdhury,kiran.chowdhury5563@example.com,+91-9000005563,SOUTH,CORPORATE,2025-03-23 05:00:00,2025-09-05 05:00:00
C05564,Rahul Mehta,rahul.mehta5564@example.com,+91-9000005564,NORTH,STANDARD,2025-01-02 18:00:00,2025-04-04 18:00:00
C05565,Diya Rao,diya.rao5565@example.com,+91-9000005565,SOUTH,STANDARD,2026-04-27 10:00:00,2026-05-21 10:00:00
C05566,Priya Kapoor,priya.kapoor5566@example.com,+91-9000005566,SOUTH,PREMIUM,2025-04-11 10:00:00,2025-06-03 10:00:00
C05567,Sai Verma,sai.verma5567@example.com,+91-9000005567,SOUTH,PREMIUM,2025-12-25 18:00:00,2026-06-17 18:00:00
C05568,Nikhil Chowdhury,nikhil.chowdhury5568@example.com,+91-9000005568,SOUTH,PREMIUM,2025-06-06 16:00:00,2025-08-28 16:00:00
C05569,Arjun Mehta,arjun.mehta5569@example.com,+91-9000005569,WEST,STANDARD,2026-06-22 20:00:00,2026-11-11 20:00:00
C05570,Nikhil Kumar,nikhil.kumar5570@example.com,+91-9000005570,NORTH,STANDARD,2025-08-12 01:00:00,2025-12-26 01:00:00
C05571,Vikram Chowdhury,vikram.chowdhury5571@example.com,+91-9000005571,SOUTH,PREMIUM,2025-04-15 23:00:00,2025-07-22 23:00:00
C05572,Sneha Kapoor,sneha.kapoor5572@example.com,+91-9000005572,NORTH,CORPORATE,2026-07-19 08:00:00,2026-09-16 08:00:00
C05573,Ananya Kapoor,ananya.kapoor5573@example.com,+91-9000005573,WEST,PREMIUM,2025-11-20 15:00:00,2026-05-02 15:00:00
C05574,Ishita Chowdhury,ishita.chowdhury5574@example.com,+91-9000005574,NORTH,CORPORATE,2026-01-23 21:00:00,2026-02-22 21:00:00
C05575,Neha Verma,neha.verma5575@example.com,+91-9000005575,WEST,STANDARD,2025-06-17 05:00:00,2025-10-09 05:00:00
C05576,Priya Patel,priya.patel5576@example.com,+91-9000005576,WEST,STANDARD,2026-01-04 20:00:00,2026-04-09 20:00:00
C05577,Aarav Nair,aarav.nair5577@example.com,+91-9000005577,WEST,CORPORATE,2026-01-05 04:00:00,2026-04-02 04:00:00
C05578,Sai Singh,sai.singh5578@example.com,+91-9000005578,WEST,CORPORATE,2025-12-22 05:00:00,2026-01-03 05:00:00
C05579,Vikram Patel,vikram.patel5579@example.com,+91-9000005579,WEST,STANDARD,2025-12-23 07:00:00,2026-04-06 07:00:00
C05580,Kavya Patel,kavya.patel5580@example.com,+91-9000005580,WEST,PREMIUM,2026-01-09 21:00:00,2026-04-22 21:00:00
C05581,Ananya Kapoor,ananya.kapoor5581@example.com,+91-9000005581,NORTH,PREMIUM,2026-01-15 14:00:00,2026-05-03 14:00:00
C05582,Nikhil Verma,nikhil.verma5582@example.com,+91-9000005582,EAST,STANDARD,2025-01-28 11:00:00,2025-03-13 11:00:00
C05583,Sneha Kumar,sneha.kumar5583@example.com,+91-9000005583,WEST,PREMIUM,2025-08-13 03:00:00,2025-11-26 03:00:00
C05584,Vivaan Iyer,vivaan.iyer5584@example.com,+91-9000005584,NORTH,CORPORATE,2025-03-20 06:00:00,2025-09-12 06:00:00
C05585,Priya Kapoor,priya.kapoor5585@example.com,+91-9000005585,SOUTH,PREMIUM,2025-12-13 16:00:00,2026-01-13 16:00:00
C05586,Vivaan Singh,vivaan.singh5586@example.com,+91-9000005586,NORTH,CORPORATE,2026-07-20 16:00:00,2026-08-16 16:00:00
C05587,Vikram Patel,vikram.patel5587@example.com,+91-9000005587,SOUTH,CORPORATE,2026-08-31 10:00:00,2027-02-01 10:00:00
C05588,Ishita Chowdhury,ishita.chowdhury5588@example.com,+91-9000005588,SOUTH,PREMIUM,2026-06-12 07:00:00,2026-09-07 07:00:00
C05589,Kiran Sharma,kiran.sharma5589@example.com,+91-9000005589,SOUTH,PREMIUM,2026-07-05 14:00:00,2026-09-01 14:00:00
C05590,Ishita Sharma,ishita.sharma5590@example.com,+91-9000005590,EAST,PREMIUM,2025-03-25 04:00:00,2025-05-16 04:00:00
C05591,Kiran Gupta,kiran.gupta5591@example.com,+91-9000005591,NORTH,PREMIUM,2025-07-13 13:00:00,2025-09-20 13:00:00
C05592,Pooja Iyer,pooja.iyer5592@example.com,+91-9000005592,WEST,CORPORATE,2026-05-30 00:00:00,2026-11-18 00:00:00
C05593,Ananya Nair,ananya.nair5593@example.com,+91-9000005593,SOUTH,PREMIUM,2025-03-07 01:00:00,2025-06-21 01:00:00
C05594,Kiran Das,kiran.das5594@example.com,+91-9000005594,WEST,PREMIUM,2025-10-24 23:00:00,2025-12-31 23:00:00
C05595,Nikhil Sharma,nikhil.sharma5595@example.com,+91-9000005595,SOUTH,PREMIUM,2026-07-16 10:00:00,2026-09-12 10:00:00
C05596,Neha Gupta,neha.gupta5596@example.com,+91-9000005596,WEST,PREMIUM,2025-04-06 14:00:00,2025-09-23 14:00:00
C05597,Nikhil Patel,nikhil.patel5597@example.com,+91-9000005597,SOUTH,STANDARD,2025-11-14 21:00:00,2025-12-10 21:00:00
C05598,Kiran Gupta,kiran.gupta5598@example.com,+91-9000005598,SOUTH,STANDARD,2026-06-29 16:00:00,2026-07-04 16:00:00
C05599,Pooja Iyer,pooja.iyer5599@example.com,+91-9000005599,WEST,STANDARD,2025-10-04 01:00:00,2026-01-03 01:00:00
C05600,Nikhil Nair,nikhil.nair5600@example.com,+91-9000005600,NORTH,CORPORATE,2025-09-17 13:00:00,2025-11-28 13:00:00
C05601,Ananya Patel,ananya.patel5601@example.com,+91-9000005601,NORTH,CORPORATE,2025-08-19 01:00:00,2025-11-24 01:00:00
C05602,Sneha Joshi,sneha.joshi5602@example.com,+91-9000005602,SOUTH,PREMIUM,2025-03-02 11:00:00,2025-06-11 11:00:00
C05603,Meera Chowdhury,meera.chowdhury5603@example.com,+91-9000005603,WEST,STANDARD,2026-01-15 20:00:00,2026-04-01 20:00:00
C05604,Priya Mehta,priya.mehta5604@example.com,+91-9000005604,SOUTH,STANDARD,2025-03-27 03:00:00,2025-08-02 03:00:00
C05605,Neha Joshi,neha.joshi5605@example.com,+91-9000005605,NORTH,STANDARD,2026-06-18 11:00:00,2026-10-07 11:00:00
C05606,Diya Verma,diya.verma5606@example.com,+91-9000005606,WEST,PREMIUM,2026-08-14 02:00:00,2027-01-19 02:00:00
C05607,Rahul Sharma,rahul.sharma5607@example.com,+91-9000005607,WEST,PREMIUM,2025-04-27 09:00:00,2025-07-10 09:00:00
C05608,Rahul Nair,rahul.nair5608@example.com,+91-9000005608,EAST,CORPORATE,2025-10-31 05:00:00,2026-03-26 05:00:00
C05609,Aditya Singh,aditya.singh5609@example.com,+91-9000005609,SOUTH,STANDARD,2025-09-30 14:00:00,2025-10-17 14:00:00
C05610,Vikram Iyer,vikram.iyer5610@example.com,+91-9000005610,WEST,PREMIUM,2026-02-22 22:00:00,2026-06-01 22:00:00
C05611,Rahul Nair,rahul.nair5611@example.com,+91-9000005611,SOUTH,CORPORATE,2026-06-20 13:00:00,2026-12-09 13:00:00
C05612,Vivaan Sharma,vivaan.sharma5612@example.com,+91-9000005612,SOUTH,STANDARD,2026-05-26 14:00:00,2026-06-25 14:00:00
C05613,Arjun Das,arjun.das5613@example.com,+91-9000005613,NORTH,PREMIUM,2025-09-06 20:00:00,2025-10-10 20:00:00
C05614,Pooja Rao,pooja.rao5614@example.com,+91-9000005614,NORTH,CORPORATE,2026-06-18 16:00:00,2026-07-10 16:00:00
C05615,Aarav Joshi,aarav.joshi5615@example.com,+91-9000005615,NORTH,STANDARD,2026-06-18 05:00:00,2026-10-29 05:00:00
C05616,Kavya Das,kavya.das5616@example.com,+91-9000005616,NORTH,CORPORATE,2026-03-03 07:00:00,2026-04-19 07:00:00
C05617,Pooja Reddy,pooja.reddy5617@example.com,+91-9000005617,NORTH,CORPORATE,2026-08-09 12:00:00,2026-09-25 12:00:00
C05618,Vivaan Mehta,vivaan.mehta5618@example.com,+91-9000005618,WEST,CORPORATE,2025-02-10 18:00:00,2025-07-26 18:00:00
C05619,Rahul Gupta,rahul.gupta5619@example.com,+91-9000005619,EAST,STANDARD,2025-09-26 13:00:00,2025-12-31 13:00:00
C05620,Diya Kapoor,diya.kapoor5620@example.com,+91-9000005620,SOUTH,STANDARD,2025-09-06 23:00:00,2026-02-28 23:00:00
C05621,Rahul Kapoor,rahul.kapoor5621@example.com,+91-9000005621,NORTH,STANDARD,2026-01-12 23:00:00,2026-03-02 23:00:00
C05622,Aarav Singh,aarav.singh5622@example.com,+91-9000005622,SOUTH,PREMIUM,2025-08-03 19:00:00,2025-11-12 19:00:00
C05623,Ananya Rao,ananya.rao5623@example.com,+91-9000005623,NORTH,PREMIUM,2026-03-01 21:00:00,2026-03-23 21:00:00
C05624,Aarav Reddy,aarav.reddy5624@example.com,+91-9000005624,SOUTH,STANDARD,2025-07-27 02:00:00,2025-11-03 02:00:00
C05625,Priya Joshi,priya.joshi5625@example.com,+91-9000005625,SOUTH,CORPORATE,2025-09-13 20:00:00,2026-03-10 20:00:00
C05626,Ananya Nair,ananya.nair5626@example.com,+91-9000005626,SOUTH,CORPORATE,2025-02-25 08:00:00,2025-05-09 08:00:00
C05627,Neha Patel,neha.patel5627@example.com,+91-9000005627,WEST,PREMIUM,2026-06-30 06:00:00,2026-07-31 06:00:00
C05628,Nikhil Nair,nikhil.nair5628@example.com,+91-9000005628,EAST,PREMIUM,2025-12-31 12:00:00,2026-03-15 12:00:00
C05629,Sai Gupta,sai.gupta5629@example.com,+91-9000005629,SOUTH,CORPORATE,2025-04-23 12:00:00,2025-09-01 12:00:00
C05630,Sneha Iyer,sneha.iyer5630@example.com,+91-9000005630,WEST,CORPORATE,2025-03-07 12:00:00,2025-06-21 12:00:00
C05631,Aditya Das,aditya.das5631@example.com,+91-9000005631,SOUTH,CORPORATE,2025-07-01 11:00:00,2025-12-25 11:00:00
C05632,Meera Gupta,meera.gupta5632@example.com,+91-9000005632,SOUTH,PREMIUM,2026-03-10 14:00:00,2026-06-13 14:00:00
C05633,Rahul Mehta,rahul.mehta5633@example.com,+91-9000005633,NORTH,CORPORATE,2026-01-20 17:00:00,2026-02-09 17:00:00
C05634,Kavya Rao,kavya.rao5634@example.com,+91-9000005634,SOUTH,CORPORATE,2026-01-24 17:00:00,2026-02-25 17:00:00
C05635,Sneha Rao,sneha.rao5635@example.com,+91-9000005635,WEST,STANDARD,2026-05-09 00:00:00,2026-10-27 00:00:00
C05636,Meera Verma,meera.verma5636@example.com,+91-9000005636,EAST,PREMIUM,2025-08-05 20:00:00,2025-12-04 20:00:00
C05637,Rahul Nair,rahul.nair5637@example.com,+91-9000005637,WEST,STANDARD,2025-12-19 08:00:00,2026-05-27 08:00:00
C05638,Nikhil Gupta,nikhil.gupta5638@example.com,+91-9000005638,SOUTH,PREMIUM,2025-09-01 05:00:00,2026-02-18 05:00:00
C05639,Vikram Kapoor,vikram.kapoor5639@example.com,+91-9000005639,NORTH,STANDARD,2025-12-11 04:00:00,2026-01-29 04:00:00
C05640,Sneha Reddy,sneha.reddy5640@example.com,+91-9000005640,NORTH,STANDARD,2026-01-23 01:00:00,2026-04-01 01:00:00
C05641,Arjun Singh,arjun.singh5641@example.com,+91-9000005641,WEST,CORPORATE,2025-11-26 13:00:00,2026-04-18 13:00:00
C05642,Rohan Sharma,rohan.sharma5642@example.com,+91-9000005642,EAST,STANDARD,2025-12-25 08:00:00,2026-01-08 08:00:00
C05643,Priya Kumar,priya.kumar5643@example.com,+91-9000005643,NORTH,PREMIUM,2026-06-28 20:00:00,2026-10-11 20:00:00
C05644,Nikhil Patel,nikhil.patel5644@example.com,+91-9000005644,NORTH,CORPORATE,2025-06-12 02:00:00,2025-12-01 02:00:00
C05645,Priya Reddy,priya.reddy5645@example.com,+91-9000005645,SOUTH,CORPORATE,2026-03-23 13:00:00,2026-09-02 13:00:00
C05646,Pooja Sharma,pooja.sharma5646@example.com,+91-9000005646,NORTH,CORPORATE,2025-01-17 08:00:00,2025-05-15 08:00:00
C05647,Rahul Rao,rahul.rao5647@example.com,+91-9000005647,SOUTH,STANDARD,2026-05-30 08:00:00,2026-08-11 08:00:00
C05648,Aarav Mehta,aarav.mehta5648@example.com,+91-9000005648,EAST,STANDARD,2026-05-14 10:00:00,2026-05-22 10:00:00
C05649,Diya Iyer,diya.iyer5649@example.com,+91-9000005649,SOUTH,PREMIUM,2026-02-15 01:00:00,2026-04-07 01:00:00
C05650,Aisha Sharma,aisha.sharma5650@example.com,+91-9000005650,WEST,CORPORATE,2026-06-16 05:00:00,2026-08-26 05:00:00
C05651,Aisha Kumar,aisha.kumar5651@example.com,+91-9000005651,WEST,PREMIUM,2025-02-18 02:00:00,2025-05-07 02:00:00
C05652,Meera Reddy,meera.reddy5652@example.com,+91-9000005652,NORTH,PREMIUM,2025-07-28 15:00:00,2025-10-09 15:00:00
C05653,Pooja Rao,pooja.rao5653@example.com,+91-9000005653,WEST,PREMIUM,2026-08-28 03:00:00,2026-11-26 03:00:00
C05654,Nikhil Kapoor,nikhil.kapoor5654@example.com,+91-9000005654,WEST,STANDARD,2026-02-16 04:00:00,2026-08-05 04:00:00
C05655,Kavya Reddy,kavya.reddy5655@example.com,+91-9000005655,WEST,CORPORATE,2025-10-03 15:00:00,2026-01-09 15:00:00
C05656,Nikhil Chowdhury,nikhil.chowdhury5656@example.com,+91-9000005656,WEST,CORPORATE,2025-04-11 12:00:00,2025-10-06 12:00:00
C05657,Diya Joshi,diya.joshi5657@example.com,+91-9000005657,NORTH,PREMIUM,2025-08-15 11:00:00,2025-11-28 11:00:00
C05658,Priya Mehta,priya.mehta5658@example.com,+91-9000005658,NORTH,STANDARD,2026-06-29 17:00:00,2026-07-17 17:00:00
C05659,Nikhil Kapoor,nikhil.kapoor5659@example.com,+91-9000005659,SOUTH,PREMIUM,2025-11-05 11:00:00,2026-03-23 11:00:00
C05660,Neha Kumar,neha.kumar5660@example.com,+91-9000005660,NORTH,PREMIUM,2025-02-12 01:00:00,2025-04-06 01:00:00
C05661,Ananya Reddy,ananya.reddy5661@example.com,+91-9000005661,EAST,STANDARD,2025-07-22 13:00:00,2025-12-31 13:00:00
C05662,Rahul Joshi,rahul.joshi5662@example.com,+91-9000005662,SOUTH,PREMIUM,2025-04-14 17:00:00,2025-09-03 17:00:00
C05663,Sai Mehta,sai.mehta5663@example.com,+91-9000005663,NORTH,CORPORATE,2025-06-01 12:00:00,2025-08-10 12:00:00
C05664,Sneha Mehta,sneha.mehta5664@example.com,+91-9000005664,NORTH,PREMIUM,2025-02-25 00:00:00,2025-08-20 00:00:00
C05665,Sai Kumar,sai.kumar5665@example.com,+91-9000005665,SOUTH,PREMIUM,2025-01-29 13:00:00,2025-03-23 13:00:00
C05666,Nikhil Nair,nikhil.nair5666@example.com,+91-9000005666,WEST,CORPORATE,2025-06-25 03:00:00,2025-07-06 03:00:00
C05667,Vivaan Patel,vivaan.patel5667@example.com,+91-9000005667,NORTH,PREMIUM,2026-02-23 05:00:00,2026-07-22 05:00:00
C05668,Ananya Gupta,ananya.gupta5668@example.com,+91-9000005668,WEST,CORPORATE,2025-07-08 00:00:00,2025-11-18 00:00:00
C05669,Priya Iyer,priya.iyer5669@example.com,+91-9000005669,SOUTH,STANDARD,2025-01-20 09:00:00,2025-05-07 09:00:00
C05670,Kiran Reddy,kiran.reddy5670@example.com,+91-9000005670,WEST,PREMIUM,2026-05-22 01:00:00,2026-07-05 01:00:00
C05671,Sai Kapoor,sai.kapoor5671@example.com,+91-9000005671,NORTH,PREMIUM,2026-02-04 00:00:00,2026-05-15 00:00:00
C05672,Sneha Chowdhury,sneha.chowdhury5672@example.com,+91-9000005672,WEST,STANDARD,2025-02-08 14:00:00,2025-04-23 14:00:00
C05673,Aarav Verma,aarav.verma5673@example.com,+91-9000005673,WEST,PREMIUM,2026-05-30 03:00:00,2026-09-29 03:00:00
C05674,Diya Reddy,diya.reddy5674@example.com,+91-9000005674,WEST,CORPORATE,2025-09-05 17:00:00,2026-01-16 17:00:00
C05675,Diya Sharma,diya.sharma5675@example.com,+91-9000005675,SOUTH,PREMIUM,2026-03-24 22:00:00,2026-07-14 22:00:00
C05676,Meera Patel,meera.patel5676@example.com,+91-9000005676,SOUTH,CORPORATE,2026-08-06 21:00:00,2027-01-22 21:00:00
C05677,Ishita Sharma,ishita.sharma5677@example.com,+91-9000005677,SOUTH,STANDARD,2025-10-08 21:00:00,2026-04-04 21:00:00
C05678,Meera Sharma,meera.sharma5678@example.com,+91-9000005678,NORTH,STANDARD,2026-02-12 14:00:00,2026-04-29 14:00:00
C05679,Sai Reddy,sai.reddy5679@example.com,+91-9000005679,EAST,CORPORATE,2026-08-01 03:00:00,2026-09-08 03:00:00
C05680,Arjun Joshi,arjun.joshi5680@example.com,+91-9000005680,NORTH,STANDARD,2026-01-02 19:00:00,2026-04-11 19:00:00
C05681,Kiran Reddy,kiran.reddy5681@example.com,+91-9000005681,WEST,STANDARD,2025-01-06 09:00:00,2025-04-30 09:00:00
C05682,Rahul Patel,rahul.patel5682@example.com,+91-9000005682,NORTH,CORPORATE,2025-11-29 14:00:00,2026-02-21 14:00:00
C05683,Vivaan Reddy,vivaan.reddy5683@example.com,+91-9000005683,WEST,STANDARD,2025-11-24 12:00:00,2026-04-29 12:00:00
C05684,Meera Rao,meera.rao5684@example.com,+91-9000005684,SOUTH,PREMIUM,2025-10-18 23:00:00,2026-04-02 23:00:00
C05685,Vikram Kapoor,vikram.kapoor5685@example.com,+91-9000005685,SOUTH,PREMIUM,2025-10-18 08:00:00,2026-01-06 08:00:00
C05686,Rohan Kapoor,rohan.kapoor5686@example.com,+91-9000005686,NORTH,CORPORATE,2025-01-05 21:00:00,2025-04-07 21:00:00
C05687,Vivaan Rao,vivaan.rao5687@example.com,+91-9000005687,WEST,STANDARD,2025-07-04 19:00:00,2025-12-02 19:00:00
C05688,Priya Reddy,priya.reddy5688@example.com,+91-9000005688,WEST,STANDARD,2026-05-02 05:00:00,2026-09-13 05:00:00
C05689,Aarav Nair,aarav.nair5689@example.com,+91-9000005689,NORTH,STANDARD,2026-03-05 20:00:00,2026-05-17 20:00:00
C05690,Sai Kapoor,sai.kapoor5690@example.com,+91-9000005690,WEST,STANDARD,2025-01-23 23:00:00,2025-03-13 23:00:00
C05691,Rahul Nair,rahul.nair5691@example.com,+91-9000005691,WEST,STANDARD,2026-02-27 02:00:00,2026-07-14 02:00:00
C05692,Vikram Chowdhury,vikram.chowdhury5692@example.com,+91-9000005692,WEST,CORPORATE,2025-09-15 05:00:00,2026-02-15 05:00:00
C05693,Neha Verma,neha.verma5693@example.com,+91-9000005693,WEST,PREMIUM,2026-07-04 12:00:00,2026-11-06 12:00:00
C05694,Rahul Nair,rahul.nair5694@example.com,+91-9000005694,NORTH,STANDARD,2025-05-05 17:00:00,2025-07-26 17:00:00
C05695,Aisha Iyer,aisha.iyer5695@example.com,+91-9000005695,NORTH,CORPORATE,2025-07-21 18:00:00,2025-09-10 18:00:00
C05696,Sneha Mehta,sneha.mehta5696@example.com,+91-9000005696,WEST,STANDARD,2026-03-06 04:00:00,2026-07-18 04:00:00
C05697,Aarav Mehta,aarav.mehta5697@example.com,+91-9000005697,WEST,PREMIUM,2026-08-26 02:00:00,2026-10-27 02:00:00
C05698,Diya Kumar,diya.kumar5698@example.com,+91-9000005698,WEST,STANDARD,2026-08-05 13:00:00,2026-08-23 13:00:00
C05699,Priya Rao,priya.rao5699@example.com,+91-9000005699,NORTH,STANDARD,2025-03-06 14:00:00,2025-06-04 14:00:00
C05700,Diya Singh,diya.singh5700@example.com,+91-9000005700,SOUTH,PREMIUM,2025-12-16 23:00:00,2026-06-07 23:00:00
C05701,Kiran Mehta,kiran.mehta5701@example.com,+91-9000005701,WEST,PREMIUM,2026-04-23 14:00:00,2026-06-08 14:00:00
C05702,Arjun Singh,arjun.singh5702@example.com,+91-9000005702,WEST,PREMIUM,2025-06-12 05:00:00,2025-08-23 05:00:00
C05703,Kiran Sharma,kiran.sharma5703@example.com,+91-9000005703,SOUTH,PREMIUM,2026-09-01 00:00:00,2026-12-25 00:00:00
C05704,Aarav Iyer,aarav.iyer5704@example.com,+91-9000005704,NORTH,CORPORATE,2026-09-11 09:00:00,2027-01-10 09:00:00
C05705,Aarav Iyer,aarav.iyer5705@example.com,+91-9000005705,NORTH,PREMIUM,2025-03-18 01:00:00,2025-07-06 01:00:00
C05706,Neha Singh,neha.singh5706@example.com,+91-9000005706,EAST,STANDARD,2025-06-19 18:00:00,2025-06-21 18:00:00
C05707,Aisha Kumar,aisha.kumar5707@example.com,+91-9000005707,NORTH,PREMIUM,2026-07-03 11:00:00,2026-09-21 11:00:00
C05708,Vivaan Kapoor,vivaan.kapoor5708@example.com,+91-9000005708,NORTH,PREMIUM,2026-03-31 11:00:00,2026-07-17 11:00:00
C05709,Nikhil Mehta,nikhil.mehta5709@example.com,+91-9000005709,WEST,CORPORATE,2025-01-13 15:00:00,2025-02-03 15:00:00
C05710,Aisha Das,aisha.das5710@example.com,+91-9000005710,EAST,STANDARD,2025-09-28 19:00:00,2026-03-24 19:00:00
C05711,Ananya Kapoor,ananya.kapoor5711@example.com,+91-9000005711,EAST,STANDARD,2025-07-11 01:00:00,2025-09-29 01:00:00
C05712,Diya Mehta,diya.mehta5712@example.com,+91-9000005712,WEST,CORPORATE,2026-04-08 13:00:00,2026-08-16 13:00:00
C05713,Priya Patel,priya.patel5713@example.com,+91-9000005713,WEST,STANDARD,2025-11-11 12:00:00,2026-04-14 12:00:00
C05714,Ishita Rao,ishita.rao5714@example.com,+91-9000005714,WEST,PREMIUM,2025-09-15 15:00:00,2025-11-30 15:00:00
C05715,Rahul Patel,rahul.patel5715@example.com,+91-9000005715,NORTH,PREMIUM,2025-01-13 18:00:00,2025-07-06 18:00:00
C05716,Aarav Gupta,aarav.gupta5716@example.com,+91-9000005716,WEST,CORPORATE,2026-08-21 04:00:00,2026-12-06 04:00:00
C05717,Aisha Das,aisha.das5717@example.com,+91-9000005717,WEST,PREMIUM,2025-05-12 10:00:00,2025-09-10 10:00:00
C05718,Sai Sharma,sai.sharma5718@example.com,+91-9000005718,SOUTH,PREMIUM,2025-09-10 01:00:00,2026-01-24 01:00:00
C05719,Sai Nair,sai.nair5719@example.com,+91-9000005719,SOUTH,STANDARD,2025-07-08 16:00:00,2025-12-27 16:00:00
C05720,Diya Mehta,diya.mehta5720@example.com,+91-9000005720,NORTH,PREMIUM,2026-02-03 05:00:00,2026-02-05 05:00:00
C05721,Rahul Mehta,rahul.mehta5721@example.com,+91-9000005721,WEST,CORPORATE,2025-09-26 05:00:00,2026-01-21 05:00:00
C05722,Arjun Joshi,arjun.joshi5722@example.com,+91-9000005722,EAST,PREMIUM,2025-06-20 01:00:00,2025-11-11 01:00:00
C05723,Ananya Sharma,ananya.sharma5723@example.com,+91-9000005723,SOUTH,CORPORATE,2026-04-01 14:00:00,2026-07-24 14:00:00
C05724,Aditya Singh,aditya.singh5724@example.com,+91-9000005724,SOUTH,CORPORATE,2025-09-22 08:00:00,2026-02-03 08:00:00
C05725,Vikram Kumar,vikram.kumar5725@example.com,+91-9000005725,SOUTH,CORPORATE,2026-08-11 07:00:00,2026-08-24 07:00:00
C05726,Ishita Kapoor,ishita.kapoor5726@example.com,+91-9000005726,NORTH,PREMIUM,2025-03-09 01:00:00,2025-04-07 01:00:00
C05727,Rohan Rao,rohan.rao5727@example.com,+91-9000005727,EAST,STANDARD,2025-12-28 22:00:00,2026-05-12 22:00:00
C05728,Vikram Gupta,vikram.gupta5728@example.com,+91-9000005728,NORTH,PREMIUM,2026-05-06 08:00:00,2026-08-26 08:00:00
C05729,Neha Singh,neha.singh5729@example.com,+91-9000005729,SOUTH,PREMIUM,2025-02-16 12:00:00,2025-05-26 12:00:00
C05730,Pooja Singh,pooja.singh5730@example.com,+91-9000005730,NORTH,STANDARD,2025-06-16 17:00:00,2025-08-24 17:00:00
C05731,Aarav Verma,aarav.verma5731@example.com,+91-9000005731,WEST,PREMIUM,2026-08-27 09:00:00,2026-08-27 09:00:00
C05732,Pooja Singh,pooja.singh5732@example.com,+91-9000005732,WEST,PREMIUM,2025-04-29 06:00:00,2025-05-18 06:00:00
C05733,Pooja Kumar,pooja.kumar5733@example.com,+91-9000005733,NORTH,CORPORATE,2025-10-07 02:00:00,2025-10-28 02:00:00
C05734,Diya Kapoor,diya.kapoor5734@example.com,+91-9000005734,NORTH,PREMIUM,2026-07-03 00:00:00,2026-10-08 00:00:00
C05735,Sai Kapoor,sai.kapoor5735@example.com,+91-9000005735,WEST,PREMIUM,2026-09-11 21:00:00,2026-11-30 21:00:00
C05736,Arjun Nair,arjun.nair5736@example.com,+91-9000005736,EAST,CORPORATE,2025-04-30 20:00:00,2025-08-19 20:00:00
C05737,Meera Kumar,meera.kumar5737@example.com,+91-9000005737,EAST,CORPORATE,2026-05-29 11:00:00,2026-09-29 11:00:00
C05738,Aarav Chowdhury,aarav.chowdhury5738@example.com,+91-9000005738,SOUTH,CORPORATE,2025-06-30 14:00:00,2025-09-30 14:00:00
C05739,Kavya Sharma,kavya.sharma5739@example.com,+91-9000005739,NORTH,STANDARD,2026-02-26 23:00:00,2026-05-30 23:00:00
C05740,Kavya Das,kavya.das5740@example.com,+91-9000005740,WEST,CORPORATE,2026-03-29 20:00:00,2026-04-11 20:00:00
C05741,Sai Gupta,sai.gupta5741@example.com,+91-9000005741,NORTH,STANDARD,2026-09-12 18:00:00,2026-12-01 18:00:00
C05742,Aditya Rao,aditya.rao5742@example.com,+91-9000005742,WEST,STANDARD,2026-03-14 02:00:00,2026-06-07 02:00:00
C05743,Ananya Kumar,ananya.kumar5743@example.com,+91-9000005743,WEST,STANDARD,2025-04-02 23:00:00,2025-06-01 23:00:00
C05744,Ishita Nair,ishita.nair5744@example.com,+91-9000005744,SOUTH,STANDARD,2025-01-04 00:00:00,2025-06-17 00:00:00
C05745,Sneha Chowdhury,sneha.chowdhury5745@example.com,+91-9000005745,WEST,PREMIUM,2025-07-05 21:00:00,2025-11-14 21:00:00
C05746,Rohan Sharma,rohan.sharma5746@example.com,+91-9000005746,WEST,CORPORATE,2026-03-30 03:00:00,2026-09-12 03:00:00
C05747,Ishita Chowdhury,ishita.chowdhury5747@example.com,+91-9000005747,SOUTH,PREMIUM,2025-12-09 00:00:00,2026-04-18 00:00:00
C05748,Ishita Iyer,ishita.iyer5748@example.com,+91-9000005748,NORTH,CORPORATE,2025-01-13 18:00:00,2025-06-21 18:00:00
C05749,Diya Iyer,diya.iyer5749@example.com,+91-9000005749,EAST,CORPORATE,2025-09-09 11:00:00,2025-11-07 11:00:00
C05750,Ananya Mehta,ananya.mehta5750@example.com,+91-9000005750,WEST,CORPORATE,2026-06-09 18:00:00,2026-07-16 18:00:00
C05751,Ishita Das,ishita.das5751@example.com,+91-9000005751,NORTH,STANDARD,2025-03-29 05:00:00,2025-05-12 05:00:00
C05752,Nikhil Chowdhury,nikhil.chowdhury5752@example.com,+91-9000005752,SOUTH,PREMIUM,2025-10-15 22:00:00,2026-03-20 22:00:00
C05753,Aditya Reddy,aditya.reddy5753@example.com,+91-9000005753,WEST,STANDARD,2026-07-04 03:00:00,2026-08-12 03:00:00
C05754,Kiran Reddy,kiran.reddy5754@example.com,+91-9000005754,WEST,STANDARD,2025-10-15 21:00:00,2025-12-28 21:00:00
C05755,Sai Chowdhury,sai.chowdhury5755@example.com,+91-9000005755,NORTH,STANDARD,2025-05-14 17:00:00,2025-10-18 17:00:00
C05756,Arjun Reddy,arjun.reddy5756@example.com,+91-9000005756,NORTH,PREMIUM,2025-03-27 23:00:00,2025-07-14 23:00:00
C05757,Priya Chowdhury,priya.chowdhury5757@example.com,+91-9000005757,WEST,CORPORATE,2026-06-26 15:00:00,2026-08-25 15:00:00
C05758,Arjun Mehta,arjun.mehta5758@example.com,+91-9000005758,SOUTH,STANDARD,2025-01-30 12:00:00,2025-02-10 12:00:00
C05759,Vivaan Sharma,vivaan.sharma5759@example.com,+91-9000005759,NORTH,PREMIUM,2026-08-01 02:00:00,2027-01-24 02:00:00
C05760,Kavya Rao,kavya.rao5760@example.com,+91-9000005760,SOUTH,STANDARD,2026-04-02 05:00:00,2026-09-16 05:00:00
C05761,Rohan Gupta,rohan.gupta5761@example.com,+91-9000005761,WEST,STANDARD,2025-10-27 06:00:00,2026-02-20 06:00:00
C05762,Meera Joshi,meera.joshi5762@example.com,+91-9000005762,WEST,PREMIUM,2026-08-21 22:00:00,2027-01-13 22:00:00
C05763,Priya Kumar,priya.kumar5763@example.com,+91-9000005763,SOUTH,PREMIUM,2025-02-09 23:00:00,2025-04-25 23:00:00
C05764,Nikhil Kumar,nikhil.kumar5764@example.com,+91-9000005764,WEST,PREMIUM,2026-06-22 12:00:00,2026-11-30 12:00:00
C05765,Aisha Patel,aisha.patel5765@example.com,+91-9000005765,WEST,CORPORATE,2025-09-06 10:00:00,2026-02-11 10:00:00
C05766,Kiran Singh,kiran.singh5766@example.com,+91-9000005766,NORTH,PREMIUM,2025-08-22 18:00:00,2025-09-29 18:00:00
C05767,Aarav Kumar,aarav.kumar5767@example.com,+91-9000005767,EAST,PREMIUM,2026-03-11 21:00:00,2026-09-03 21:00:00
C05768,Kiran Verma,kiran.verma5768@example.com,+91-9000005768,EAST,STANDARD,2026-07-02 18:00:00,2026-10-01 18:00:00
C05769,Neha Sharma,neha.sharma5769@example.com,+91-9000005769,EAST,PREMIUM,2025-12-15 04:00:00,2026-01-10 04:00:00
C05770,Sai Reddy,sai.reddy5770@example.com,+91-9000005770,NORTH,STANDARD,2026-01-08 22:00:00,2026-03-17 22:00:00
C05771,Ishita Rao,ishita.rao5771@example.com,+91-9000005771,SOUTH,PREMIUM,2025-04-23 00:00:00,2025-06-02 00:00:00
C05772,Aditya Kumar,aditya.kumar5772@example.com,+91-9000005772,WEST,STANDARD,2026-06-25 23:00:00,2026-12-17 23:00:00
C05773,Vikram Iyer,vikram.iyer5773@example.com,+91-9000005773,NORTH,CORPORATE,2025-03-09 08:00:00,2025-08-26 08:00:00
C05774,Aditya Nair,aditya.nair5774@example.com,+91-9000005774,SOUTH,CORPORATE,2025-03-07 09:00:00,2025-03-29 09:00:00
C05775,Arjun Gupta,arjun.gupta5775@example.com,+91-9000005775,NORTH,STANDARD,2025-09-28 02:00:00,2025-10-03 02:00:00
C05776,Pooja Das,pooja.das5776@example.com,+91-9000005776,WEST,STANDARD,2025-01-28 06:00:00,2025-06-25 06:00:00
C05777,Priya Reddy,priya.reddy5777@example.com,+91-9000005777,NORTH,STANDARD,2026-05-10 12:00:00,2026-09-19 12:00:00
C05778,Vikram Chowdhury,vikram.chowdhury5778@example.com,+91-9000005778,EAST,STANDARD,2025-12-25 20:00:00,2026-02-25 20:00:00
C05779,Aisha Singh,aisha.singh5779@example.com,+91-9000005779,WEST,CORPORATE,2026-07-19 23:00:00,2027-01-02 23:00:00
C05780,Aisha Gupta,aisha.gupta5780@example.com,+91-9000005780,WEST,CORPORATE,2025-09-20 08:00:00,2026-01-27 08:00:00
C05781,Aarav Joshi,aarav.joshi5781@example.com,+91-9000005781,NORTH,STANDARD,2026-08-09 21:00:00,2026-12-18 21:00:00
C05782,Rahul Singh,rahul.singh5782@example.com,+91-9000005782,EAST,PREMIUM,2025-02-26 06:00:00,2025-05-12 06:00:00
C05783,Vikram Kumar,vikram.kumar5783@example.com,+91-9000005783,NORTH,CORPORATE,2025-02-03 02:00:00,2025-03-19 02:00:00
C05784,Aisha Iyer,aisha.iyer5784@example.com,+91-9000005784,SOUTH,STANDARD,2025-11-25 21:00:00,2025-12-05 21:00:00
C05785,Aisha Gupta,aisha.gupta5785@example.com,+91-9000005785,SOUTH,PREMIUM,2026-08-25 11:00:00,2026-10-14 11:00:00
C05786,Aisha Verma,aisha.verma5786@example.com,+91-9000005786,NORTH,PREMIUM,2025-11-22 18:00:00,2026-02-02 18:00:00
C05787,Sai Kumar,sai.kumar5787@example.com,+91-9000005787,SOUTH,CORPORATE,2025-02-04 17:00:00,2025-07-29 17:00:00
C05788,Rahul Reddy,rahul.reddy5788@example.com,+91-9000005788,NORTH,CORPORATE,2025-05-03 05:00:00,2025-10-01 05:00:00
C05789,Aisha Reddy,aisha.reddy5789@example.com,+91-9000005789,SOUTH,STANDARD,2026-08-24 09:00:00,2026-08-30 09:00:00
C05790,Ishita Joshi,ishita.joshi5790@example.com,+91-9000005790,SOUTH,PREMIUM,2025-04-03 06:00:00,2025-05-27 06:00:00
C05791,Aditya Iyer,aditya.iyer5791@example.com,+91-9000005791,WEST,STANDARD,2025-01-20 15:00:00,2025-01-29 15:00:00
C05792,Sneha Nair,sneha.nair5792@example.com,+91-9000005792,EAST,PREMIUM,2026-04-25 19:00:00,2026-06-10 19:00:00
C05793,Ananya Sharma,ananya.sharma5793@example.com,+91-9000005793,NORTH,CORPORATE,2026-02-05 02:00:00,2026-05-04 02:00:00
C05794,Aditya Rao,aditya.rao5794@example.com,+91-9000005794,NORTH,CORPORATE,2025-03-07 06:00:00,2025-08-06 06:00:00
C05795,Aditya Sharma,aditya.sharma5795@example.com,+91-9000005795,WEST,STANDARD,2025-05-23 05:00:00,2025-06-06 05:00:00
C05796,Rahul Iyer,rahul.iyer5796@example.com,+91-9000005796,SOUTH,STANDARD,2025-04-10 11:00:00,2025-07-07 11:00:00
C05797,Sneha Kapoor,sneha.kapoor5797@example.com,+91-9000005797,WEST,PREMIUM,2026-05-18 23:00:00,2026-08-01 23:00:00
C05798,Arjun Sharma,arjun.sharma5798@example.com,+91-9000005798,NORTH,CORPORATE,2025-03-16 19:00:00,2025-08-19 19:00:00
C05799,Aditya Patel,aditya.patel5799@example.com,+91-9000005799,EAST,PREMIUM,2025-01-06 09:00:00,2025-01-25 09:00:00
C05800,Aarav Verma,aarav.verma5800@example.com,+91-9000005800,NORTH,CORPORATE,2025-12-11 18:00:00,2026-01-26 18:00:00
C05801,Rohan Iyer,rohan.iyer5801@example.com,+91-9000005801,NORTH,STANDARD,2025-11-06 08:00:00,2026-03-10 08:00:00
C05802,Diya Verma,diya.verma5802@example.com,+91-9000005802,SOUTH,PREMIUM,2026-01-26 02:00:00,2026-03-11 02:00:00
C05803,Aisha Singh,aisha.singh5803@example.com,+91-9000005803,NORTH,CORPORATE,2026-08-07 06:00:00,2026-10-30 06:00:00
C05804,Pooja Singh,pooja.singh5804@example.com,+91-9000005804,SOUTH,PREMIUM,2025-08-26 19:00:00,2026-01-15 19:00:00
C05805,Aditya Das,aditya.das5805@example.com,+91-9000005805,WEST,PREMIUM,2025-11-24 14:00:00,2026-03-20 14:00:00
C05806,Nikhil Kumar,nikhil.kumar5806@example.com,+91-9000005806,SOUTH,CORPORATE,2025-02-16 03:00:00,2025-08-15 03:00:00
C05807,Nikhil Nair,nikhil.nair5807@example.com,+91-9000005807,WEST,STANDARD,2025-07-02 02:00:00,2025-09-12 02:00:00
C05808,Aarav Sharma,aarav.sharma5808@example.com,+91-9000005808,NORTH,PREMIUM,2026-02-25 14:00:00,2026-06-03 14:00:00
C05809,Nikhil Iyer,nikhil.iyer5809@example.com,+91-9000005809,NORTH,PREMIUM,2025-05-04 02:00:00,2025-07-05 02:00:00
C05810,Nikhil Iyer,nikhil.iyer5810@example.com,+91-9000005810,NORTH,STANDARD,2026-03-28 01:00:00,2026-04-05 01:00:00
C05811,Ishita Das,ishita.das5811@example.com,+91-9000005811,NORTH,STANDARD,2025-04-21 13:00:00,2025-06-17 13:00:00
C05812,Kiran Rao,kiran.rao5812@example.com,+91-9000005812,EAST,PREMIUM,2025-11-05 02:00:00,2026-03-08 02:00:00
C05813,Aditya Patel,aditya.patel5813@example.com,+91-9000005813,NORTH,STANDARD,2026-08-05 12:00:00,2026-12-01 12:00:00
C05814,Aarav Kapoor,aarav.kapoor5814@example.com,+91-9000005814,EAST,STANDARD,2026-07-28 20:00:00,2026-12-29 20:00:00
C05815,Nikhil Kumar,nikhil.kumar5815@example.com,+91-9000005815,NORTH,STANDARD,2026-02-04 02:00:00,2026-06-17 02:00:00
C05816,Kavya Verma,kavya.verma5816@example.com,+91-9000005816,WEST,PREMIUM,2026-01-08 03:00:00,2026-05-18 03:00:00
C05817,Kavya Rao,kavya.rao5817@example.com,+91-9000005817,WEST,PREMIUM,2026-01-08 19:00:00,2026-06-07 19:00:00
C05818,Rahul Verma,rahul.verma5818@example.com,+91-9000005818,NORTH,PREMIUM,2025-06-04 04:00:00,2025-10-30 04:00:00
C05819,Meera Sharma,meera.sharma5819@example.com,+91-9000005819,WEST,PREMIUM,2025-12-22 06:00:00,2026-05-21 06:00:00
C05820,Priya Kumar,priya.kumar5820@example.com,+91-9000005820,NORTH,CORPORATE,2026-09-05 09:00:00,2026-09-19 09:00:00
C05821,Neha Sharma,neha.sharma5821@example.com,+91-9000005821,EAST,PREMIUM,2026-03-18 00:00:00,2026-09-06 00:00:00
C05822,Arjun Kapoor,arjun.kapoor5822@example.com,+91-9000005822,NORTH,CORPORATE,2025-11-07 07:00:00,2025-11-26 07:00:00
C05823,Vivaan Das,vivaan.das5823@example.com,+91-9000005823,SOUTH,STANDARD,2026-06-14 18:00:00,2026-07-29 18:00:00
C05824,Aisha Kapoor,aisha.kapoor5824@example.com,+91-9000005824,NORTH,PREMIUM,2025-12-15 16:00:00,2026-03-24 16:00:00
C05825,Ananya Sharma,ananya.sharma5825@example.com,+91-9000005825,WEST,STANDARD,2025-05-12 06:00:00,2025-11-01 06:00:00
C05826,Priya Patel,priya.patel5826@example.com,+91-9000005826,NORTH,STANDARD,2025-06-14 04:00:00,2025-07-14 04:00:00
C05827,Rahul Nair,rahul.nair5827@example.com,+91-9000005827,SOUTH,PREMIUM,2026-05-31 01:00:00,2026-06-09 01:00:00
C05828,Kavya Patel,kavya.patel5828@example.com,+91-9000005828,SOUTH,STANDARD,2025-10-29 01:00:00,2025-11-26 01:00:00
C05829,Kavya Chowdhury,kavya.chowdhury5829@example.com,+91-9000005829,NORTH,PREMIUM,2026-01-08 04:00:00,2026-05-29 04:00:00
C05830,Priya Kapoor,priya.kapoor5830@example.com,+91-9000005830,NORTH,PREMIUM,2025-12-21 14:00:00,2025-12-22 14:00:00
C05831,Arjun Kumar,arjun.kumar5831@example.com,+91-9000005831,WEST,CORPORATE,2026-03-05 09:00:00,2026-07-13 09:00:00
C05832,Vivaan Patel,vivaan.patel5832@example.com,+91-9000005832,SOUTH,STANDARD,2026-05-27 03:00:00,2026-09-19 03:00:00
C05833,Meera Verma,meera.verma5833@example.com,+91-9000005833,WEST,STANDARD,2025-08-23 16:00:00,2025-09-10 16:00:00
C05834,Neha Das,neha.das5834@example.com,+91-9000005834,SOUTH,CORPORATE,2025-08-18 04:00:00,2026-01-24 04:00:00
C05835,Pooja Rao,pooja.rao5835@example.com,+91-9000005835,WEST,PREMIUM,2025-05-28 12:00:00,2025-09-03 12:00:00
C05836,Rohan Sharma,rohan.sharma5836@example.com,+91-9000005836,SOUTH,CORPORATE,2025-03-04 18:00:00,2025-06-12 18:00:00
C05837,Vivaan Singh,vivaan.singh5837@example.com,+91-9000005837,WEST,CORPORATE,2026-02-26 15:00:00,2026-03-01 15:00:00
C05838,Kavya Rao,kavya.rao5838@example.com,+91-9000005838,NORTH,CORPORATE,2025-02-11 01:00:00,2025-02-25 01:00:00
C05839,Aarav Sharma,aarav.sharma5839@example.com,+91-9000005839,NORTH,STANDARD,2026-01-14 03:00:00,2026-07-03 03:00:00
C05840,Diya Reddy,diya.reddy5840@example.com,+91-9000005840,SOUTH,PREMIUM,2026-04-13 13:00:00,2026-06-01 13:00:00
C05841,Aisha Iyer,aisha.iyer5841@example.com,+91-9000005841,NORTH,PREMIUM,2026-08-27 01:00:00,2027-02-03 01:00:00
C05842,Pooja Sharma,pooja.sharma5842@example.com,+91-9000005842,WEST,PREMIUM,2026-08-17 02:00:00,2026-09-02 02:00:00
C05843,Kavya Kapoor,kavya.kapoor5843@example.com,+91-9000005843,NORTH,STANDARD,2026-06-14 14:00:00,2026-07-02 14:00:00
C05844,Ananya Joshi,ananya.joshi5844@example.com,+91-9000005844,NORTH,STANDARD,2025-07-02 05:00:00,2025-12-28 05:00:00
C05845,Ishita Nair,ishita.nair5845@example.com,+91-9000005845,NORTH,PREMIUM,2026-04-09 19:00:00,2026-09-17 19:00:00
C05846,Rahul Nair,rahul.nair5846@example.com,+91-9000005846,WEST,PREMIUM,2025-11-06 00:00:00,2025-11-17 00:00:00
C05847,Rahul Sharma,rahul.sharma5847@example.com,+91-9000005847,SOUTH,CORPORATE,2025-08-02 16:00:00,2025-11-11 16:00:00
C05848,Vivaan Patel,vivaan.patel5848@example.com,+91-9000005848,SOUTH,PREMIUM,2026-03-12 17:00:00,2026-03-23 17:00:00
C05849,Vivaan Kumar,vivaan.kumar5849@example.com,+91-9000005849,SOUTH,STANDARD,2025-02-16 22:00:00,2025-08-15 22:00:00
C05850,Diya Verma,diya.verma5850@example.com,+91-9000005850,SOUTH,STANDARD,2026-09-07 00:00:00,2027-02-07 00:00:00
C05851,Neha Reddy,neha.reddy5851@example.com,+91-9000005851,WEST,STANDARD,2026-09-05 07:00:00,2027-01-04 07:00:00
C05852,Meera Verma,meera.verma5852@example.com,+91-9000005852,SOUTH,PREMIUM,2025-08-14 18:00:00,2025-12-13 18:00:00
C05853,Arjun Joshi,arjun.joshi5853@example.com,+91-9000005853,NORTH,STANDARD,2026-07-26 00:00:00,2026-09-01 00:00:00
C05854,Neha Rao,neha.rao5854@example.com,+91-9000005854,SOUTH,PREMIUM,2026-03-31 03:00:00,2026-09-27 03:00:00
C05855,Priya Kapoor,priya.kapoor5855@example.com,+91-9000005855,NORTH,CORPORATE,2025-02-20 15:00:00,2025-07-24 15:00:00
C05856,Sai Reddy,sai.reddy5856@example.com,+91-9000005856,NORTH,STANDARD,2025-03-24 06:00:00,2025-06-14 06:00:00
C05857,Ananya Gupta,ananya.gupta5857@example.com,+91-9000005857,NORTH,STANDARD,2025-11-20 17:00:00,2025-12-09 17:00:00
C05858,Aditya Mehta,aditya.mehta5858@example.com,+91-9000005858,NORTH,CORPORATE,2025-09-15 03:00:00,2025-09-22 03:00:00
C05859,Rohan Nair,rohan.nair5859@example.com,+91-9000005859,SOUTH,CORPORATE,2025-10-05 13:00:00,2025-12-10 13:00:00
C05860,Rahul Patel,rahul.patel5860@example.com,+91-9000005860,EAST,STANDARD,2026-07-15 15:00:00,2026-10-14 15:00:00
C05861,Meera Nair,meera.nair5861@example.com,+91-9000005861,WEST,CORPORATE,2025-11-04 20:00:00,2026-02-19 20:00:00
C05862,Sai Kapoor,sai.kapoor5862@example.com,+91-9000005862,NORTH,STANDARD,2025-03-19 23:00:00,2025-07-25 23:00:00
C05863,Sai Verma,sai.verma5863@example.com,+91-9000005863,WEST,CORPORATE,2026-02-25 08:00:00,2026-03-01 08:00:00
C05864,Vikram Rao,vikram.rao5864@example.com,+91-9000005864,NORTH,CORPORATE,2026-04-07 13:00:00,2026-07-20 13:00:00
C05865,Arjun Nair,arjun.nair5865@example.com,+91-9000005865,NORTH,PREMIUM,2025-12-13 15:00:00,2025-12-17 15:00:00
C05866,Ananya Joshi,ananya.joshi5866@example.com,+91-9000005866,WEST,STANDARD,2026-09-09 04:00:00,2026-09-14 04:00:00
C05867,Kavya Kumar,kavya.kumar5867@example.com,+91-9000005867,SOUTH,STANDARD,2025-07-19 00:00:00,2025-12-29 00:00:00
C05868,Priya Verma,priya.verma5868@example.com,+91-9000005868,SOUTH,STANDARD,2025-04-12 05:00:00,2025-08-29 05:00:00
C05869,Aditya Sharma,aditya.sharma5869@example.com,+91-9000005869,WEST,PREMIUM,2026-03-18 09:00:00,2026-05-02 09:00:00
C05870,Ishita Kumar,ishita.kumar5870@example.com,+91-9000005870,WEST,CORPORATE,2025-05-04 09:00:00,2025-08-19 09:00:00
C05871,Ananya Rao,ananya.rao5871@example.com,+91-9000005871,NORTH,PREMIUM,2025-07-07 10:00:00,2025-09-26 10:00:00
C05872,Sneha Patel,sneha.patel5872@example.com,+91-9000005872,WEST,PREMIUM,2026-08-10 08:00:00,2027-01-13 08:00:00
C05873,Sneha Iyer,sneha.iyer5873@example.com,+91-9000005873,WEST,STANDARD,2026-01-27 04:00:00,2026-06-11 04:00:00
C05874,Rahul Patel,rahul.patel5874@example.com,+91-9000005874,NORTH,CORPORATE,2026-08-11 23:00:00,2026-09-01 23:00:00
C05875,Kiran Verma,kiran.verma5875@example.com,+91-9000005875,SOUTH,PREMIUM,2025-01-13 06:00:00,2025-03-02 06:00:00
C05876,Kiran Singh,kiran.singh5876@example.com,+91-9000005876,NORTH,PREMIUM,2025-04-06 18:00:00,2025-07-05 18:00:00
C05877,Sneha Sharma,sneha.sharma5877@example.com,+91-9000005877,NORTH,PREMIUM,2026-05-20 22:00:00,2026-10-01 22:00:00
C05878,Rohan Sharma,rohan.sharma5878@example.com,+91-9000005878,EAST,STANDARD,2026-07-29 17:00:00,2026-12-03 17:00:00
C05879,Nikhil Nair,nikhil.nair5879@example.com,+91-9000005879,WEST,CORPORATE,2025-04-19 11:00:00,2025-07-09 11:00:00
C05880,Priya Nair,priya.nair5880@example.com,+91-9000005880,NORTH,STANDARD,2026-01-18 09:00:00,2026-02-12 09:00:00
C05881,Pooja Verma,pooja.verma5881@example.com,+91-9000005881,NORTH,CORPORATE,2026-06-18 10:00:00,2026-08-02 10:00:00
C05882,Vikram Singh,vikram.singh5882@example.com,+91-9000005882,WEST,PREMIUM,2025-04-22 00:00:00,2025-06-28 00:00:00
C05883,Pooja Kapoor,pooja.kapoor5883@example.com,+91-9000005883,WEST,PREMIUM,2025-04-16 00:00:00,2025-04-24 00:00:00
C05884,Pooja Chowdhury,pooja.chowdhury5884@example.com,+91-9000005884,WEST,CORPORATE,2026-05-21 00:00:00,2026-05-29 00:00:00
C05885,Meera Sharma,meera.sharma5885@example.com,+91-9000005885,NORTH,STANDARD,2026-04-23 06:00:00,2026-09-11 06:00:00
C05886,Vikram Chowdhury,vikram.chowdhury5886@example.com,+91-9000005886,WEST,PREMIUM,2025-01-28 03:00:00,2025-04-18 03:00:00
C05887,Rohan Singh,rohan.singh5887@example.com,+91-9000005887,WEST,CORPORATE,2026-04-22 10:00:00,2026-07-07 10:00:00
C05888,Arjun Joshi,arjun.joshi5888@example.com,+91-9000005888,SOUTH,STANDARD,2025-09-02 04:00:00,2025-09-30 04:00:00
C05889,Vikram Reddy,vikram.reddy5889@example.com,+91-9000005889,SOUTH,STANDARD,2025-01-29 02:00:00,2025-03-29 02:00:00
C05890,Vikram Patel,vikram.patel5890@example.com,+91-9000005890,SOUTH,PREMIUM,2025-12-10 20:00:00,2026-01-04 20:00:00
C05891,Kavya Nair,kavya.nair5891@example.com,+91-9000005891,WEST,PREMIUM,2025-04-20 22:00:00,2025-07-18 22:00:00
C05892,Kavya Mehta,kavya.mehta5892@example.com,+91-9000005892,EAST,CORPORATE,2026-07-30 21:00:00,2026-11-04 21:00:00
C05893,Diya Patel,diya.patel5893@example.com,+91-9000005893,NORTH,PREMIUM,2026-02-22 01:00:00,2026-06-17 01:00:00
C05894,Ishita Patel,ishita.patel5894@example.com,+91-9000005894,SOUTH,PREMIUM,2026-02-04 17:00:00,2026-02-28 17:00:00
C05895,Arjun Iyer,arjun.iyer5895@example.com,+91-9000005895,SOUTH,STANDARD,2025-12-25 16:00:00,2026-04-19 16:00:00
C05896,Ananya Chowdhury,ananya.chowdhury5896@example.com,+91-9000005896,WEST,PREMIUM,2025-12-22 00:00:00,2026-06-06 00:00:00
C05897,Sneha Reddy,sneha.reddy5897@example.com,+91-9000005897,WEST,PREMIUM,2026-01-25 12:00:00,2026-05-18 12:00:00
C05898,Sai Iyer,sai.iyer5898@example.com,+91-9000005898,NORTH,PREMIUM,2025-10-14 06:00:00,2026-03-02 06:00:00
C05899,Meera Kumar,meera.kumar5899@example.com,+91-9000005899,WEST,CORPORATE,2025-08-22 14:00:00,2025-08-24 14:00:00
C05900,Vikram Das,vikram.das5900@example.com,+91-9000005900,SOUTH,CORPORATE,2026-07-20 18:00:00,2026-09-18 18:00:00
C00251,Rahul Sharma,rahul.sharma251@example.com,+91-9000000251,NORTH,PREMIUM,2025-09-11 22:00:00,2026-09-15 10:00:00
C00252,Kavya Nair,kavya.nair252@example.com,+91-9000000252,WEST,PREMIUM,2025-06-12 11:00:00,2026-09-15 10:00:00
C00253,Meera Joshi,meera.joshi253@example.com,+91-9000000253,WEST,STANDARD,2025-12-13 21:00:00,2026-09-15 10:00:00
C00254,Ananya Reddy,ananya.reddy254@example.com,+91-9000000254,NORTH,CORPORATE,2025-12-04 03:00:00,2026-09-15 10:00:00
C00255,Nikhil Rao,nikhil.rao255@example.com,+91-9000000255,WEST,STANDARD,2026-09-10 04:00:00,2026-09-15 10:00:00
C00256,Sai Kapoor,sai.kapoor256@example.com,+91-9000000256,WEST,STANDARD,2025-12-25 09:00:00,2026-09-15 10:00:00
C00257,Aditya Rao,aditya.rao257@example.com,+91-9000000257,WEST,STANDARD,2026-07-27 12:00:00,2026-09-15 10:00:00
C00258,Kavya Reddy,kavya.reddy258@example.com,+91-9000000258,WEST,STANDARD,2026-03-10 16:00:00,2026-09-15 10:00:00
C00259,Nikhil Patel,nikhil.patel259@example.com,+91-9000000259,NORTH,STANDARD,2025-08-08 10:00:00,2026-09-15 10:00:00
C00260,Sai Patel,sai.patel260@example.com,+91-9000000260,NORTH,CORPORATE,2025-03-21 09:00:00,2026-09-15 10:00:00
C00261,Kavya Sharma,kavya.sharma261@example.com,+91-9000000261,NORTH,CORPORATE,2025-12-11 19:00:00,2026-09-15 10:00:00
C00262,Sai Patel,sai.patel262@example.com,+91-9000000262,WEST,STANDARD,2025-07-05 22:00:00,2026-09-15 10:00:00
C00263,Vivaan Singh,vivaan.singh263@example.com,+91-9000000263,NORTH,PREMIUM,2026-01-09 21:00:00,2026-09-15 10:00:00
C00264,Nikhil Joshi,nikhil.joshi264@example.com,+91-9000000264,NORTH,STANDARD,2026-04-05 07:00:00,2026-09-15 10:00:00
C00265,Sneha Kapoor,sneha.kapoor265@example.com,+91-9000000265,WEST,PREMIUM,2025-07-18 11:00:00,2026-09-15 10:00:00
C00266,Nikhil Joshi,nikhil.joshi266@example.com,+91-9000000266,NORTH,PREMIUM,2026-01-27 16:00:00,2026-09-15 10:00:00
C00267,Rohan Joshi,rohan.joshi267@example.com,+91-9000000267,NORTH,STANDARD,2026-09-12 04:00:00,2026-09-15 10:00:00
C00268,Sneha Chowdhury,sneha.chowdhury268@example.com,+91-9000000268,NORTH,CORPORATE,2026-01-16 17:00:00,2026-09-15 10:00:00
C00269,Arjun Rao,arjun.rao269@example.com,+91-9000000269,NORTH,PREMIUM,2025-03-27 05:00:00,2026-09-15 10:00:00
C00270,Sai Chowdhury,sai.chowdhury270@example.com,+91-9000000270,NORTH,PREMIUM,2026-03-24 02:00:00,2026-09-15 10:00:00
C00271,Aarav Singh,aarav.singh271@example.com,+91-9000000271,NORTH,PREMIUM,2025-02-24 12:00:00,2026-09-15 10:00:00
C00272,Ishita Reddy,ishita.reddy272@example.com,+91-9000000272,NORTH,PREMIUM,2026-01-19 07:00:00,2026-09-15 10:00:00
C00273,Ananya Joshi,ananya.joshi273@example.com,+91-9000000273,NORTH,PREMIUM,2025-05-30 04:00:00,2026-09-15 10:00:00
C00274,Sai Joshi,sai.joshi274@example.com,+91-9000000274,WEST,STANDARD,2026-04-26 14:00:00,2026-09-15 10:00:00
C00275,Aarav Rao,aarav.rao275@example.com,+91-9000000275,NORTH,CORPORATE,2025-08-09 04:00:00,2026-09-15 10:00:00
C00276,Kavya Singh,kavya.singh276@example.com,+91-9000000276,NORTH,PREMIUM,2025-04-24 09:00:00,2026-09-15 10:00:00
C00277,Vivaan Kumar,vivaan.kumar277@example.com,+91-9000000277,WEST,PREMIUM,2026-03-06 20:00:00,2026-09-15 10:00:00
C00278,Arjun Chowdhury,arjun.chowdhury278@example.com,+91-9000000278,NORTH,STANDARD,2026-05-27 19:00:00,2026-09-15 10:00:00
C00279,Kavya Nair,kavya.nair279@example.com,+91-9000000279,NORTH,PREMIUM,2025-09-05 22:00:00,2026-09-15 10:00:00
C00280,Aarav Nair,aarav.nair280@example.com,+91-9000000280,WEST,PREMIUM,2025-12-28 07:00:00,2026-09-15 10:00:00
C00281,Aditya Iyer,aditya.iyer281@example.com,+91-9000000281,NORTH,CORPORATE,2026-01-05 02:00:00,2026-09-15 10:00:00
C00282,Kavya Iyer,kavya.iyer282@example.com,+91-9000000282,NORTH,STANDARD,2025-01-21 12:00:00,2026-09-15 10:00:00
C00283,Ishita Verma,ishita.verma283@example.com,+91-9000000283,NORTH,PREMIUM,2025-09-17 23:00:00,2026-09-15 10:00:00
C00284,Diya Kumar,diya.kumar284@example.com,+91-9000000284,WEST,STANDARD,2025-04-17 18:00:00,2026-09-15 10:00:00
C00285,Diya Iyer,diya.iyer285@example.com,+91-9000000285,NORTH,CORPORATE,2025-12-13 20:00:00,2026-09-15 10:00:00
C00286,Sneha Das,sneha.das286@example.com,+91-9000000286,NORTH,CORPORATE,2025-07-06 04:00:00,2026-09-15 10:00:00
C00287,Vivaan Rao,vivaan.rao287@example.com,+91-9000000287,NORTH,STANDARD,2025-07-26 01:00:00,2026-09-15 10:00:00
C00288,Nikhil Iyer,nikhil.iyer288@example.com,+91-9000000288,NORTH,PREMIUM,2026-02-12 17:00:00,2026-09-15 10:00:00
C00289,Rohan Rao,rohan.rao289@example.com,+91-9000000289,WEST,PREMIUM,2026-01-01 01:00:00,2026-09-15 10:00:00
C00290,Diya Singh,diya.singh290@example.com,+91-9000000290,NORTH,PREMIUM,2026-02-14 23:00:00,2026-09-15 10:00:00
C00291,Rahul Gupta,rahul.gupta291@example.com,+91-9000000291,NORTH,PREMIUM,2026-05-25 11:00:00,2026-09-15 10:00:00
C00292,Meera Reddy,meera.reddy292@example.com,+91-9000000292,NORTH,CORPORATE,2026-03-17 19:00:00,2026-09-15 10:00:00
C00293,Ananya Reddy,ananya.reddy293@example.com,+91-9000000293,NORTH,PREMIUM,2025-03-23 10:00:00,2026-09-15 10:00:00
C00294,Neha Mehta,neha.mehta294@example.com,+91-9000000294,NORTH,PREMIUM,2026-03-13 05:00:00,2026-09-15 10:00:00
C00295,Vivaan Mehta,vivaan.mehta295@example.com,+91-9000000295,WEST,PREMIUM,2025-12-28 19:00:00,2026-09-15 10:00:00
C00296,Vivaan Reddy,vivaan.reddy296@example.com,+91-9000000296,NORTH,CORPORATE,2026-02-20 11:00:00,2026-09-15 10:00:00
C00297,Rahul Sharma,rahul.sharma297@example.com,+91-9000000297,NORTH,STANDARD,2025-05-27 19:00:00,2026-09-15 10:00:00
C00298,Aditya Kumar,aditya.kumar298@example.com,+91-9000000298,WEST,CORPORATE,2026-01-11 11:00:00,2026-09-15 10:00:00
C00299,Neha Patel,neha.patel299@example.com,+91-9000000299,WEST,PREMIUM,2026-04-06 11:00:00,2026-09-15 10:00:00
C00300,Pooja Patel,pooja.patel300@example.com,+91-9000000300,WEST,PREMIUM,2026-06-27 11:00:00,2026-09-15 10:00:00
C00301,Vikram Kumar,vikram.kumar301@example.com,+91-9000000301,NORTH,PREMIUM,2025-04-27 00:00:00,2026-09-15 10:00:00
C00302,Ishita Kapoor,ishita.kapoor302@example.com,+91-9000000302,NORTH,PREMIUM,2026-07-30 03:00:00,2026-09-15 10:00:00
C00303,Priya Kumar,priya.kumar303@example.com,+91-9000000303,NORTH,STANDARD,2025-10-20 22:00:00,2026-09-15 10:00:00
C00304,Sai Chowdhury,sai.chowdhury304@example.com,+91-9000000304,NORTH,CORPORATE,2025-03-17 14:00:00,2026-09-15 10:00:00
C00305,Aditya Joshi,aditya.joshi305@example.com,+91-9000000305,WEST,CORPORATE,2025-11-24 21:00:00,2026-09-15 10:00:00
C00306,Aisha Iyer,aisha.iyer306@example.com,+91-9000000306,NORTH,CORPORATE,2025-10-25 09:00:00,2026-09-15 10:00:00
C00307,Rahul Joshi,rahul.joshi307@example.com,+91-9000000307,NORTH,STANDARD,2026-01-06 16:00:00,2026-09-15 10:00:00
C00308,Sai Kumar,sai.kumar308@example.com,+91-9000000308,WEST,CORPORATE,2026-05-21 00:00:00,2026-09-15 10:00:00
C00309,Diya Gupta,diya.gupta309@example.com,+91-9000000309,WEST,STANDARD,2026-07-19 04:00:00,2026-09-15 10:00:00
C00310,Nikhil Singh,nikhil.singh310@example.com,+91-9000000310,WEST,PREMIUM,2026-05-06 16:00:00,2026-09-15 10:00:00
C00311,Aditya Patel,aditya.patel311@example.com,+91-9000000311,NORTH,PREMIUM,2025-11-21 20:00:00,2026-09-15 10:00:00
C00312,Kavya Verma,kavya.verma312@example.com,+91-9000000312,WEST,STANDARD,2025-05-12 17:00:00,2026-09-15 10:00:00
C00313,Meera Iyer,meera.iyer313@example.com,+91-9000000313,NORTH,STANDARD,2025-02-26 03:00:00,2026-09-15 10:00:00
C00314,Rahul Patel,rahul.patel314@example.com,+91-9000000314,NORTH,PREMIUM,2025-11-27 22:00:00,2026-09-15 10:00:00
C00315,Nikhil Chowdhury,nikhil.chowdhury315@example.com,+91-9000000315,NORTH,CORPORATE,2025-03-22 08:00:00,2026-09-15 10:00:00
C00316,Vikram Patel,vikram.patel316@example.com,+91-9000000316,NORTH,STANDARD,2025-11-07 19:00:00,2026-09-15 10:00:00
C00317,Rahul Nair,rahul.nair317@example.com,+91-9000000317,NORTH,CORPORATE,2026-08-18 04:00:00,2026-09-15 10:00:00
C00318,Neha Verma,neha.verma318@example.com,+91-9000000318,NORTH,STANDARD,2026-08-01 01:00:00,2026-09-15 10:00:00
C00319,Pooja Rao,pooja.rao319@example.com,+91-9000000319,WEST,CORPORATE,2025-08-04 18:00:00,2026-09-15 10:00:00
C00320,Aarav Gupta,aarav.gupta320@example.com,+91-9000000320,NORTH,PREMIUM,2026-07-13 09:00:00,2026-09-15 10:00:00
C00321,Ishita Rao,ishita.rao321@example.com,+91-9000000321,NORTH,STANDARD,2026-04-10 02:00:00,2026-09-15 10:00:00
C00322,Meera Gupta,meera.gupta322@example.com,+91-9000000322,WEST,CORPORATE,2026-04-21 06:00:00,2026-09-15 10:00:00
C00323,Ananya Chowdhury,ananya.chowdhury323@example.com,+91-9000000323,WEST,PREMIUM,2025-11-23 23:00:00,2026-09-15 10:00:00
C00324,Diya Iyer,diya.iyer324@example.com,+91-9000000324,WEST,STANDARD,2026-07-30 03:00:00,2026-09-15 10:00:00
C00325,Arjun Rao,arjun.rao325@example.com,+91-9000000325,NORTH,STANDARD,2026-04-06 07:00:00,2026-09-15 10:00:00
C00326,Nikhil Singh,nikhil.singh326@example.com,+91-9000000326,NORTH,PREMIUM,2026-03-05 07:00:00,2026-09-15 10:00:00
C00327,Ananya Kumar,ananya.kumar327@example.com,+91-9000000327,NORTH,PREMIUM,2025-06-13 15:00:00,2026-09-15 10:00:00
C00328,Nikhil Gupta,nikhil.gupta328@example.com,+91-9000000328,WEST,CORPORATE,2025-01-24 02:00:00,2026-09-15 10:00:00
C00329,Kiran Kumar,kiran.kumar329@example.com,+91-9000000329,NORTH,STANDARD,2026-08-21 11:00:00,2026-09-15 10:00:00
C00330,Sneha Nair,sneha.nair330@example.com,+91-9000000330,NORTH,STANDARD,2026-04-27 09:00:00,2026-09-15 10:00:00
C00331,Meera Patel,meera.patel331@example.com,+91-9000000331,WEST,PREMIUM,2025-09-28 23:00:00,2026-09-15 10:00:00
C00332,Vivaan Singh,vivaan.singh332@example.com,+91-9000000332,NORTH,STANDARD,2025-02-22 18:00:00,2026-09-15 10:00:00
C00333,Aisha Rao,aisha.rao333@example.com,+91-9000000333,NORTH,PREMIUM,2025-03-17 12:00:00,2026-09-15 10:00:00
C00334,Vikram Chowdhury,vikram.chowdhury334@example.com,+91-9000000334,NORTH,PREMIUM,2025-05-02 04:00:00,2026-09-15 10:00:00
C00335,Ananya Iyer,ananya.iyer335@example.com,+91-9000000335,NORTH,CORPORATE,2026-01-10 04:00:00,2026-09-15 10:00:00
C00336,Ishita Iyer,ishita.iyer336@example.com,+91-9000000336,NORTH,STANDARD,2025-02-11 01:00:00,2026-09-15 10:00:00
C00337,Sneha Iyer,sneha.iyer337@example.com,+91-9000000337,WEST,CORPORATE,2026-04-13 04:00:00,2026-09-15 10:00:00
C00338,Ananya Kapoor,ananya.kapoor338@example.com,+91-9000000338,WEST,CORPORATE,2025-11-23 05:00:00,2026-09-15 10:00:00
C00339,Pooja Verma,pooja.verma339@example.com,+91-9000000339,NORTH,PREMIUM,2026-06-04 16:00:00,2026-09-15 10:00:00
C00340,Nikhil Gupta,nikhil.gupta340@example.com,+91-9000000340,WEST,CORPORATE,2025-01-18 11:00:00,2026-09-15 10:00:00
C00341,Meera Nair,meera.nair341@example.com,+91-9000000341,NORTH,CORPORATE,2025-11-12 23:00:00,2026-09-15 10:00:00
C00342,Vikram Das,vikram.das342@example.com,+91-9000000342,NORTH,CORPORATE,2026-08-16 18:00:00,2026-09-15 10:00:00
C00343,Pooja Gupta,pooja.gupta343@example.com,+91-9000000343,WEST,PREMIUM,2025-06-24 16:00:00,2026-09-15 10:00:00
C00344,Kiran Sharma,kiran.sharma344@example.com,+91-9000000344,NORTH,STANDARD,2026-08-10 22:00:00,2026-09-15 10:00:00
C00345,Priya Verma,priya.verma345@example.com,+91-9000000345,WEST,CORPORATE,2026-03-05 04:00:00,2026-09-15 10:00:00
C00346,Meera Iyer,meera.iyer346@example.com,+91-9000000346,NORTH,CORPORATE,2026-04-28 23:00:00,2026-09-15 10:00:00
C00347,Kavya Kumar,kavya.kumar347@example.com,+91-9000000347,NORTH,CORPORATE,2026-07-29 10:00:00,2026-09-15 10:00:00
C00348,Ananya Patel,ananya.patel348@example.com,+91-9000000348,WEST,CORPORATE,2026-04-16 17:00:00,2026-09-15 10:00:00
C00349,Vikram Nair,vikram.nair349@example.com,+91-9000000349,NORTH,PREMIUM,2026-05-11 06:00:00,2026-09-15 10:00:00
C00350,Nikhil Kumar,nikhil.kumar350@example.com,+91-9000000350,NORTH,CORPORATE,2025-11-01 09:00:00,2026-09-15 10:00:00
C00351,Sneha Verma,sneha.verma351@example.com,+91-9000000351,NORTH,CORPORATE,2026-05-07 11:00:00,2026-09-15 10:00:00
C00352,Nikhil Reddy,nikhil.reddy352@example.com,+91-9000000352,NORTH,PREMIUM,2026-08-11 21:00:00,2026-09-15 10:00:00
C00353,Diya Joshi,diya.joshi353@example.com,+91-9000000353,NORTH,PREMIUM,2025-05-30 09:00:00,2026-09-15 10:00:00
C00354,Diya Kapoor,diya.kapoor354@example.com,+91-9000000354,NORTH,CORPORATE,2026-03-29 20:00:00,2026-09-15 10:00:00
C00355,Rohan Kumar,rohan.kumar355@example.com,+91-9000000355,NORTH,CORPORATE,2026-07-06 08:00:00,2026-09-15 10:00:00
C00356,Sai Reddy,sai.reddy356@example.com,+91-9000000356,NORTH,STANDARD,2026-08-24 07:00:00,2026-09-15 10:00:00
C00357,Kavya Kumar,kavya.kumar357@example.com,+91-9000000357,NORTH,PREMIUM,2025-08-27 01:00:00,2026-09-15 10:00:00
C00358,Sneha Reddy,sneha.reddy358@example.com,+91-9000000358,NORTH,STANDARD,2025-05-21 00:00:00,2026-09-15 10:00:00
C00359,Sneha Gupta,sneha.gupta359@example.com,+91-9000000359,WEST,PREMIUM,2025-07-24 09:00:00,2026-09-15 10:00:00
C00360,Vivaan Kapoor,vivaan.kapoor360@example.com,+91-9000000360,WEST,STANDARD,2025-04-02 20:00:00,2026-09-15 10:00:00
C00361,Vivaan Kapoor,vivaan.kapoor361@example.com,+91-9000000361,NORTH,STANDARD,2025-06-29 13:00:00,2026-09-15 10:00:00
C00362,Sneha Patel,sneha.patel362@example.com,+91-9000000362,NORTH,PREMIUM,2025-10-24 01:00:00,2026-09-15 10:00:00
C00363,Neha Reddy,neha.reddy363@example.com,+91-9000000363,NORTH,CORPORATE,2025-12-10 09:00:00,2026-09-15 10:00:00
C00364,Kavya Gupta,kavya.gupta364@example.com,+91-9000000364,NORTH,PREMIUM,2025-05-18 16:00:00,2026-09-15 10:00:00
C00365,Arjun Verma,arjun.verma365@example.com,+91-9000000365,NORTH,CORPORATE,2025-06-16 23:00:00,2026-09-15 10:00:00
C00366,Rahul Sharma,rahul.sharma366@example.com,+91-9000000366,WEST,CORPORATE,2025-12-12 09:00:00,2026-09-15 10:00:00
C00367,Rahul Nair,rahul.nair367@example.com,+91-9000000367,NORTH,PREMIUM,2026-02-20 13:00:00,2026-09-15 10:00:00
C00368,Ishita Das,ishita.das368@example.com,+91-9000000368,NORTH,PREMIUM,2025-04-08 05:00:00,2026-09-15 10:00:00
C00369,Kiran Sharma,kiran.sharma369@example.com,+91-9000000369,NORTH,PREMIUM,2025-09-25 12:00:00,2026-09-15 10:00:00
C00370,Ananya Rao,ananya.rao370@example.com,+91-9000000370,WEST,STANDARD,2026-08-20 23:00:00,2026-09-15 10:00:00
C00371,Diya Mehta,diya.mehta371@example.com,+91-9000000371,NORTH,PREMIUM,2025-08-30 01:00:00,2026-09-15 10:00:00
C00372,Rahul Singh,rahul.singh372@example.com,+91-9000000372,NORTH,CORPORATE,2026-05-30 22:00:00,2026-09-15 10:00:00
C00373,Nikhil Verma,nikhil.verma373@example.com,+91-9000000373,NORTH,PREMIUM,2025-08-15 07:00:00,2026-09-15 10:00:00
C00374,Priya Mehta,priya.mehta374@example.com,+91-9000000374,WEST,CORPORATE,2026-09-13 11:00:00,2026-09-15 10:00:00
C00375,Sneha Joshi,sneha.joshi375@example.com,+91-9000000375,NORTH,STANDARD,2026-07-05 21:00:00,2026-09-15 10:00:00
C00376,Neha Chowdhury,neha.chowdhury376@example.com,+91-9000000376,NORTH,CORPORATE,2025-03-25 16:00:00,2026-09-15 10:00:00
C00377,Diya Reddy,diya.reddy377@example.com,+91-9000000377,NORTH,CORPORATE,2026-08-01 03:00:00,2026-09-15 10:00:00
C00378,Rohan Nair,rohan.nair378@example.com,+91-9000000378,NORTH,PREMIUM,2026-07-04 04:00:00,2026-09-15 10:00:00
C00379,Priya Reddy,priya.reddy379@example.com,+91-9000000379,WEST,PREMIUM,2025-07-30 22:00:00,2026-09-15 10:00:00
C00380,Kavya Gupta,kavya.gupta380@example.com,+91-9000000380,NORTH,CORPORATE,2025-02-26 14:00:00,2026-09-15 10:00:00
C00381,Priya Nair,priya.nair381@example.com,+91-9000000381,NORTH,CORPORATE,2025-03-01 17:00:00,2026-09-15 10:00:00
C00382,Aarav Singh,aarav.singh382@example.com,+91-9000000382,NORTH,CORPORATE,2025-09-18 00:00:00,2026-09-15 10:00:00
C00383,Vivaan Singh,vivaan.singh383@example.com,+91-9000000383,NORTH,CORPORATE,2025-12-19 22:00:00,2026-09-15 10:00:00
C00384,Aditya Kapoor,aditya.kapoor384@example.com,+91-9000000384,NORTH,PREMIUM,2026-04-29 01:00:00,2026-09-15 10:00:00
C00385,Sai Joshi,sai.joshi385@example.com,+91-9000000385,WEST,PREMIUM,2026-03-07 11:00:00,2026-09-15 10:00:00
C00386,Ishita Reddy,ishita.reddy386@example.com,+91-9000000386,WEST,STANDARD,2026-07-07 04:00:00,2026-09-15 10:00:00
C00387,Aisha Singh,aisha.singh387@example.com,+91-9000000387,NORTH,STANDARD,2026-06-26 04:00:00,2026-09-15 10:00:00
C00388,Nikhil Gupta,nikhil.gupta388@example.com,+91-9000000388,NORTH,PREMIUM,2026-07-12 13:00:00,2026-09-15 10:00:00
C00389,Kiran Gupta,kiran.gupta389@example.com,+91-9000000389,NORTH,STANDARD,2025-12-21 04:00:00,2026-09-15 10:00:00
C00390,Vivaan Joshi,vivaan.joshi390@example.com,+91-9000000390,NORTH,STANDARD,2026-03-06 19:00:00,2026-09-15 10:00:00
C00391,Aditya Reddy,aditya.reddy391@example.com,+91-9000000391,NORTH,CORPORATE,2026-09-01 01:00:00,2026-09-15 10:00:00
C00392,Vivaan Kumar,vivaan.kumar392@example.com,+91-9000000392,NORTH,STANDARD,2025-02-15 12:00:00,2026-09-15 10:00:00
C00393,Rohan Joshi,rohan.joshi393@example.com,+91-9000000393,NORTH,PREMIUM,2025-02-27 04:00:00,2026-09-15 10:00:00
C00394,Pooja Verma,pooja.verma394@example.com,+91-9000000394,WEST,STANDARD,2026-08-15 19:00:00,2026-09-15 10:00:00
C00395,Sai Das,sai.das395@example.com,+91-9000000395,WEST,PREMIUM,2026-06-18 07:00:00,2026-09-15 10:00:00
C00396,Vivaan Iyer,vivaan.iyer396@example.com,+91-9000000396,NORTH,CORPORATE,2026-08-29 23:00:00,2026-09-15 10:00:00
C00397,Meera Iyer,meera.iyer397@example.com,+91-9000000397,WEST,CORPORATE,2026-05-23 01:00:00,2026-09-15 10:00:00
C00398,Ishita Joshi,ishita.joshi398@example.com,+91-9000000398,WEST,PREMIUM,2026-06-22 10:00:00,2026-09-15 10:00:00
C00399,Nikhil Singh,nikhil.singh399@example.com,+91-9000000399,NORTH,STANDARD,2025-07-08 17:00:00,2026-09-15 10:00:00
C00400,Nikhil Chowdhury,nikhil.chowdhury400@example.com,+91-9000000400,NORTH,CORPORATE,2025-05-28 14:00:00,2026-09-15 10:00:00
C00401,Meera Iyer,meera.iyer401@example.com,+91-9000000401,WEST,STANDARD,2026-06-27 04:00:00,2026-09-15 10:00:00
C00402,Rohan Verma,rohan.verma402@example.com,+91-9000000402,WEST,STANDARD,2025-03-22 14:00:00,2026-09-15 10:00:00
C00403,Rohan Sharma,rohan.sharma403@example.com,+91-9000000403,WEST,CORPORATE,2025-10-02 12:00:00,2026-09-15 10:00:00
C00404,Aditya Kumar,aditya.kumar404@example.com,+91-9000000404,NORTH,STANDARD,2026-08-25 23:00:00,2026-09-15 10:00:00
C00405,Rohan Chowdhury,rohan.chowdhury405@example.com,+91-9000000405,NORTH,STANDARD,2025-12-07 09:00:00,2026-09-15 10:00:00
C00406,Arjun Mehta,arjun.mehta406@example.com,+91-9000000406,WEST,CORPORATE,2026-05-06 07:00:00,2026-09-15 10:00:00
C00407,Ishita Kapoor,ishita.kapoor407@example.com,+91-9000000407,WEST,PREMIUM,2025-09-03 17:00:00,2026-09-15 10:00:00
C00408,Priya Iyer,priya.iyer408@example.com,+91-9000000408,NORTH,PREMIUM,2026-01-03 09:00:00,2026-09-15 10:00:00
C00409,Sneha Gupta,sneha.gupta409@example.com,+91-9000000409,NORTH,PREMIUM,2025-04-11 23:00:00,2026-09-15 10:00:00
C00410,Diya Verma,diya.verma410@example.com,+91-9000000410,WEST,STANDARD,2026-02-28 01:00:00,2026-09-15 10:00:00
C00411,Aarav Rao,aarav.rao411@example.com,+91-9000000411,WEST,CORPORATE,2026-07-21 18:00:00,2026-09-15 10:00:00
C00412,Nikhil Patel,nikhil.patel412@example.com,+91-9000000412,NORTH,PREMIUM,2025-07-20 10:00:00,2026-09-15 10:00:00
C00413,Kiran Gupta,kiran.gupta413@example.com,+91-9000000413,WEST,PREMIUM,2026-07-18 20:00:00,2026-09-15 10:00:00
C00414,Sneha Gupta,sneha.gupta414@example.com,+91-9000000414,WEST,STANDARD,2025-06-22 23:00:00,2026-09-15 10:00:00
C00415,Aisha Gupta,aisha.gupta415@example.com,+91-9000000415,NORTH,CORPORATE,2025-07-08 17:00:00,2026-09-15 10:00:00
C00416,Aditya Chowdhury,aditya.chowdhury416@example.com,+91-9000000416,WEST,STANDARD,2025-02-19 00:00:00,2026-09-15 10:00:00
C00417,Kiran Reddy,kiran.reddy417@example.com,+91-9000000417,NORTH,CORPORATE,2025-06-04 00:00:00,2026-09-15 10:00:00
C00418,Diya Sharma,diya.sharma418@example.com,+91-9000000418,NORTH,STANDARD,2026-05-10 21:00:00,2026-09-15 10:00:00
C00419,Aisha Iyer,aisha.iyer419@example.com,+91-9000000419,NORTH,CORPORATE,2026-02-26 00:00:00,2026-09-15 10:00:00
C00420,Aisha Rao,aisha.rao420@example.com,+91-9000000420,WEST,STANDARD,2025-01-18 16:00:00,2026-09-15 10:00:00
C00421,Arjun Iyer,arjun.iyer421@example.com,+91-9000000421,NORTH,CORPORATE,2025-06-02 07:00:00,2026-09-15 10:00:00
C00422,Vikram Chowdhury,vikram.chowdhury422@example.com,+91-9000000422,WEST,STANDARD,2025-12-29 08:00:00,2026-09-15 10:00:00
C00423,Ishita Gupta,ishita.gupta423@example.com,+91-9000000423,NORTH,PREMIUM,2026-08-02 07:00:00,2026-09-15 10:00:00
C00424,Aditya Das,aditya.das424@example.com,+91-9000000424,WEST,PREMIUM,2025-02-02 02:00:00,2026-09-15 10:00:00
C00425,Aisha Gupta,aisha.gupta425@example.com,+91-9000000425,NORTH,CORPORATE,2025-02-27 20:00:00,2026-09-15 10:00:00
C00426,Aditya Gupta,aditya.gupta426@example.com,+91-9000000426,WEST,CORPORATE,2026-03-21 20:00:00,2026-09-15 10:00:00
C00427,Kavya Kapoor,kavya.kapoor427@example.com,+91-9000000427,NORTH,CORPORATE,2025-02-13 07:00:00,2026-09-15 10:00:00
C00428,Sneha Rao,sneha.rao428@example.com,+91-9000000428,NORTH,CORPORATE,2025-02-17 02:00:00,2026-09-15 10:00:00
C00429,Vivaan Patel,vivaan.patel429@example.com,+91-9000000429,NORTH,CORPORATE,2025-11-19 00:00:00,2026-09-15 10:00:00
C00430,Ishita Kapoor,ishita.kapoor430@example.com,+91-9000000430,NORTH,CORPORATE,2025-03-20 09:00:00,2026-09-15 10:00:00
C00431,Pooja Chowdhury,pooja.chowdhury431@example.com,+91-9000000431,NORTH,PREMIUM,2026-02-03 21:00:00,2026-09-15 10:00:00
C00432,Sai Joshi,sai.joshi432@example.com,+91-9000000432,WEST,STANDARD,2025-03-22 16:00:00,2026-09-15 10:00:00
C00433,Meera Kumar,meera.kumar433@example.com,+91-9000000433,WEST,CORPORATE,2025-03-19 10:00:00,2026-09-15 10:00:00
C00434,Ishita Joshi,ishita.joshi434@example.com,+91-9000000434,NORTH,PREMIUM,2025-12-01 00:00:00,2026-09-15 10:00:00
C00435,Kiran Verma,kiran.verma435@example.com,+91-9000000435,WEST,STANDARD,2026-07-21 12:00:00,2026-09-15 10:00:00
C00436,Pooja Das,pooja.das436@example.com,+91-9000000436,WEST,PREMIUM,2026-01-25 02:00:00,2026-09-15 10:00:00
C00437,Aditya Reddy,aditya.reddy437@example.com,+91-9000000437,WEST,CORPORATE,2025-10-02 04:00:00,2026-09-15 10:00:00
C00438,Sai Mehta,sai.mehta438@example.com,+91-9000000438,WEST,STANDARD,2026-02-03 10:00:00,2026-09-15 10:00:00
C00439,Aarav Rao,aarav.rao439@example.com,+91-9000000439,NORTH,STANDARD,2026-04-01 11:00:00,2026-09-15 10:00:00
C00440,Aditya Patel,aditya.patel440@example.com,+91-9000000440,NORTH,CORPORATE,2026-03-18 14:00:00,2026-09-15 10:00:00
C00441,Meera Reddy,meera.reddy441@example.com,+91-9000000441,WEST,CORPORATE,2025-01-27 02:00:00,2026-09-15 10:00:00
C00442,Neha Nair,neha.nair442@example.com,+91-9000000442,NORTH,PREMIUM,2025-11-29 12:00:00,2026-09-15 10:00:00
C00443,Ishita Joshi,ishita.joshi443@example.com,+91-9000000443,NORTH,STANDARD,2025-03-28 23:00:00,2026-09-15 10:00:00
C00444,Kavya Patel,kavya.patel444@example.com,+91-9000000444,NORTH,PREMIUM,2026-01-25 05:00:00,2026-09-15 10:00:00
C00445,Vikram Gupta,vikram.gupta445@example.com,+91-9000000445,NORTH,PREMIUM,2025-05-30 02:00:00,2026-09-15 10:00:00
C00446,Meera Rao,meera.rao446@example.com,+91-9000000446,WEST,PREMIUM,2026-05-11 02:00:00,2026-09-15 10:00:00
C00447,Sneha Nair,sneha.nair447@example.com,+91-9000000447,NORTH,STANDARD,2025-07-20 14:00:00,2026-09-15 10:00:00
C00448,Aarav Singh,aarav.singh448@example.com,+91-9000000448,WEST,PREMIUM,2025-12-07 19:00:00,2026-09-15 10:00:00
C00449,Ananya Singh,ananya.singh449@example.com,+91-9000000449,NORTH,PREMIUM,2026-09-01 04:00:00,2026-09-15 10:00:00
C00450,Rohan Gupta,rohan.gupta450@example.com,+91-9000000450,WEST,PREMIUM,2025-11-18 05:00:00,2026-09-15 10:00:00
C09999,Late Arriving Customer,late.customer@example.com,+91-9999999999,SOUTH,STANDARD,2026-09-10 09:00:00,2026-09-20 09:00:00
C05901,Vivaan Rao,bad-email,+91-9000005901,WEST,STANDARD,2025-03-10 16:00:00,2025-06-16 16:00:00
C05902,Arjun Verma,arjun.verma5902@example.com,+91-9000005902,WEST,STANDARD,2026-06-18 17:00:00,2026-08-19 17:00:00
C05903,Rohan Gupta,bad-email,+91-9000005903,NORTH,PREMIUM,2026-03-25 12:00:00,2026-04-19 12:00:00
C05904,Vivaan Das,vivaan.das5904@example.com,+91-9000005904,SOUTH,CORPORATE,2026-04-07 00:00:00,2026-09-29 00:00:00
C05905,Sai Verma,bad-email,+91-9000005905,SOUTH,STANDARD,2025-11-03 15:00:00,2026-04-23 15:00:00
C05906,Neha Kumar,neha.kumar5906@example.com,+91-9000005906,EAST,CORPORATE,2025-09-26 04:00:00,2025-11-16 04:00:00
C05907,Aditya Reddy,bad-email,+91-9000005907,WEST,PREMIUM,2026-02-27 13:00:00,2026-06-18 13:00:00
C05908,Vivaan Kapoor,vivaan.kapoor5908@example.com,+91-9000005908,SOUTH,CORPORATE,2025-08-08 19:00:00,2025-11-27 19:00:00
C05909,Pooja Das,bad-email,+91-9000005909,EAST,STANDARD,2026-02-13 01:00:00,2026-05-20 01:00:00
C05910,Neha Das,neha.das5910@example.com,+91-9000005910,SOUTH,STANDARD,2025-01-02 09:00:00,2025-01-02 09:00:00
C05911,Priya Verma,bad-email,+91-9000005911,NORTH,CORPORATE,2026-08-09 00:00:00,2026-08-15 00:00:00
C05912,Ananya Kapoor,ananya.kapoor5912@example.com,+91-9000005912,EAST,STANDARD,2025-09-17 11:00:00,2026-01-20 11:00:00
C05913,Rahul Singh,bad-email,+91-9000005913,NORTH,CORPORATE,2025-03-27 14:00:00,2025-05-31 14:00:00
C05914,Ananya Sharma,ananya.sharma5914@example.com,+91-9000005914,NORTH,PREMIUM,2025-08-28 09:00:00,2025-10-23 09:00:00
C05915,Rahul Sharma,bad-email,+91-9000005915,SOUTH,CORPORATE,2025-01-30 01:00:00,2025-05-11 01:00:00
C05916,Vikram Patel,vikram.patel5916@example.com,+91-9000005916,SOUTH,PREMIUM,2026-06-18 10:00:00,2026-11-17 10:00:00
C05917,Aisha Iyer,bad-email,+91-9000005917,WEST,CORPORATE,2025-09-30 18:00:00,2026-03-23 18:00:00
C05918,Aditya Das,aditya.das5918@example.com,+91-9000005918,EAST,PREMIUM,2026-09-04 15:00:00,2027-02-02 15:00:00
C05919,Meera Kapoor,bad-email,+91-9000005919,SOUTH,PREMIUM,2025-11-20 19:00:00,2026-04-21 19:00:00
C05920,Meera Singh,meera.singh5920@example.com,+91-9000005920,WEST,STANDARD,2026-03-19 04:00:00,2026-07-19 04:00:00
C05921,Nikhil Verma,bad-email,+91-9000005921,SOUTH,CORPORATE,2026-08-04 00:00:00,2026-10-16 00:00:00
C05922,Aditya Rao,aditya.rao5922@example.com,+91-9000005922,WEST,PREMIUM,2025-06-09 18:00:00,2025-09-21 18:00:00
C05923,Aisha Gupta,bad-email,+91-9000005923,EAST,STANDARD,2026-07-11 07:00:00,2026-09-12 07:00:00
C05924,Rahul Nair,rahul.nair5924@example.com,+91-9000005924,WEST,STANDARD,2025-02-07 02:00:00,2025-03-07 02:00:00
C05925,Sai Iyer,bad-email,+91-9000005925,NORTH,CORPORATE,2026-08-14 22:00:00,2026-10-10 22:00:00
C05926,Neha Das,neha.das5926@example.com,+91-9000005926,SOUTH,STANDARD,2025-12-13 00:00:00,2026-02-02 00:00:00
C05927,Sai Iyer,bad-email,+91-9000005927,WEST,STANDARD,2026-06-21 01:00:00,2026-10-29 01:00:00
C05928,Kavya Sharma,kavya.sharma5928@example.com,+91-9000005928,WEST,CORPORATE,2025-05-13 12:00:00,2025-11-06 12:00:00
C05929,Neha Das,bad-email,+91-9000005929,NORTH,PREMIUM,2026-01-11 06:00:00,2026-02-09 06:00:00
C05930,Ananya Kumar,ananya.kumar5930@example.com,+91-9000005930,WEST,STANDARD,2025-09-01 07:00:00,2025-10-18 07:00:00
C05931,Ishita Gupta,bad-email,+91-9000005931,SOUTH,STANDARD,2026-02-01 02:00:00,2026-07-03 02:00:00
C05932,Kavya Chowdhury,kavya.chowdhury5932@example.com,+91-9000005932,SOUTH,STANDARD,2026-08-06 00:00:00,2026-09-13 00:00:00
C05933,Vikram Joshi,bad-email,+91-9000005933,NORTH,PREMIUM,2026-05-01 19:00:00,2026-05-21 19:00:00
C05934,Kiran Das,kiran.das5934@example.com,+91-9000005934,SOUTH,PREMIUM,2025-03-23 08:00:00,2025-07-31 08:00:00
C05935,Priya Nair,bad-email,+91-9000005935,SOUTH,PREMIUM,2025-08-01 19:00:00,2025-11-14 19:00:00
C05936,Priya Das,priya.das5936@example.com,+91-9000005936,SOUTH,CORPORATE,2025-06-18 21:00:00,2025-11-14 21:00:00
C05937,Aarav Kapoor,bad-email,+91-9000005937,SOUTH,CORPORATE,2025-01-31 10:00:00,2025-06-27 10:00:00
C05938,Ishita Chowdhury,ishita.chowdhury5938@example.com,+91-9000005938,SOUTH,PREMIUM,2025-02-02 00:00:00,2025-04-24 00:00:00
C05939,Aditya Nair,bad-email,+91-9000005939,NORTH,PREMIUM,2025-08-06 20:00:00,2025-09-30 20:00:00
C05940,Aditya Rao,aditya.rao5940@example.com,+91-9000005940,SOUTH,STANDARD,2026-08-01 09:00:00,2026-12-12 09:00:00
C05941,Priya Nair,bad-email,+91-9000005941,SOUTH,STANDARD,2025-10-01 05:00:00,2026-01-04 05:00:00
C05942,Meera Gupta,meera.gupta5942@example.com,+91-9000005942,WEST,PREMIUM,2026-04-23 07:00:00,2026-04-30 07:00:00
C05943,Kavya Kapoor,bad-email,+91-9000005943,NORTH,PREMIUM,2026-06-27 15:00:00,2026-09-12 15:00:00
C05944,Kavya Kumar,kavya.kumar5944@example.com,+91-9000005944,NORTH,PREMIUM,2026-01-01 19:00:00,2026-03-04 19:00:00
C05945,Meera Singh,bad-email,+91-9000005945,NORTH,STANDARD,2025-09-24 04:00:00,2026-02-09 04:00:00
C05946,Ananya Patel,ananya.patel5946@example.com,+91-9000005946,EAST,STANDARD,2025-12-28 22:00:00,2026-06-26 22:00:00
C05947,Priya Das,bad-email,+91-9000005947,SOUTH,STANDARD,2025-04-12 09:00:00,2025-05-17 09:00:00
C05948,Aditya Reddy,aditya.reddy5948@example.com,+91-9000005948,WEST,PREMIUM,2026-04-09 05:00:00,2026-08-16 05:00:00
C05949,Kavya Gupta,bad-email,+91-9000005949,SOUTH,PREMIUM,2026-08-07 00:00:00,2026-11-18 00:00:00
C05950,Meera Rao,meera.rao5950@example.com,+91-9000005950,WEST,PREMIUM,2025-10-28 22:00:00,2025-12-06 22:00:00
C05951,Vivaan Kapoor,bad-email,+91-9000005951,NORTH,PREMIUM,2025-11-06 14:00:00,2026-02-19 14:00:00
C05952,Ishita Rao,ishita.rao5952@example.com,+91-9000005952,SOUTH,CORPORATE,2026-07-18 19:00:00,2026-07-26 19:00:00
C05953,Priya Kumar,bad-email,+91-9000005953,WEST,PREMIUM,2025-11-10 22:00:00,2026-02-22 22:00:00
C05954,Aisha Joshi,aisha.joshi5954@example.com,+91-9000005954,NORTH,STANDARD,2026-01-02 13:00:00,2026-02-23 13:00:00
C05955,Vikram Sharma,bad-email,+91-9000005955,WEST,PREMIUM,2025-08-06 13:00:00,2025-09-26 13:00:00
C05956,Diya Rao,diya.rao5956@example.com,+91-9000005956,NORTH,STANDARD,2026-01-22 01:00:00,2026-02-08 01:00:00
C05957,Rohan Iyer,bad-email,+91-9000005957,SOUTH,PREMIUM,2026-02-05 18:00:00,2026-07-17 18:00:00
C05958,Vivaan Nair,vivaan.nair5958@example.com,+91-9000005958,NORTH,STANDARD,2025-03-22 18:00:00,2025-08-10 18:00:00
C05959,Rahul Chowdhury,bad-email,+91-9000005959,EAST,STANDARD,2025-07-03 15:00:00,2025-10-30 15:00:00
C05960,Aditya Verma,aditya.verma5960@example.com,+91-9000005960,WEST,CORPORATE,2025-11-03 20:00:00,2026-04-17 20:00:00
C05961,Rahul Rao,bad-email,+91-9000005961,SOUTH,STANDARD,2025-09-05 16:00:00,2025-10-16 16:00:00
C05962,Sneha Singh,sneha.singh5962@example.com,+91-9000005962,NORTH,CORPORATE,2026-04-15 23:00:00,2026-08-13 23:00:00
C05963,Ananya Das,bad-email,+91-9000005963,NORTH,STANDARD,2025-08-25 03:00:00,2025-10-05 03:00:00
C05964,Vivaan Patel,vivaan.patel5964@example.com,+91-9000005964,SOUTH,STANDARD,2025-07-17 17:00:00,2025-10-06 17:00:00
C05965,Kiran Nair,bad-email,+91-9000005965,SOUTH,PREMIUM,2026-06-22 22:00:00,2026-07-19 22:00:00
C05966,Vivaan Singh,vivaan.singh5966@example.com,+91-9000005966,NORTH,CORPORATE,2026-03-25 02:00:00,2026-05-15 02:00:00
C05967,Vivaan Kapoor,bad-email,+91-9000005967,NORTH,STANDARD,2026-02-09 23:00:00,2026-07-31 23:00:00
C05968,Ishita Mehta,ishita.mehta5968@example.com,+91-9000005968,NORTH,CORPORATE,2025-01-19 10:00:00,2025-02-10 10:00:00
C05969,Meera Das,bad-email,+91-9000005969,WEST,CORPORATE,2025-07-06 08:00:00,2025-09-21 08:00:00
C05970,Vikram Kumar,vikram.kumar5970@example.com,+91-9000005970,SOUTH,PREMIUM,2026-05-26 19:00:00,2026-05-31 19:00:00
C05971,Sai Joshi,bad-email,+91-9000005971,WEST,PREMIUM,2026-04-23 15:00:00,2026-10-03 15:00:00
C05972,Priya Kumar,priya.kumar5972@example.com,+91-9000005972,EAST,STANDARD,2025-07-30 07:00:00,2025-11-23 07:00:00
C05973,Sai Nair,bad-email,+91-9000005973,EAST,PREMIUM,2025-03-21 08:00:00,2025-05-16 08:00:00
C05974,Priya Kapoor,priya.kapoor5974@example.com,+91-9000005974,SOUTH,PREMIUM,2025-10-08 06:00:00,2026-01-08 06:00:00
C05975,Vikram Das,bad-email,+91-9000005975,EAST,STANDARD,2026-04-17 14:00:00,2026-09-08 14:00:00
C05976,Aditya Chowdhury,aditya.chowdhury5976@example.com,+91-9000005976,SOUTH,PREMIUM,2026-08-31 00:00:00,2026-12-01 00:00:00
C05977,Arjun Joshi,bad-email,+91-9000005977,NORTH,STANDARD,2025-10-02 15:00:00,2025-12-06 15:00:00
C05978,Sneha Gupta,sneha.gupta5978@example.com,+91-9000005978,EAST,CORPORATE,2026-04-25 21:00:00,2026-10-06 21:00:00
C05979,Aisha Singh,bad-email,+91-9000005979,WEST,PREMIUM,2025-02-18 10:00:00,2025-07-08 10:00:00
C05980,Nikhil Das,nikhil.das5980@example.com,+91-9000005980,WEST,CORPORATE,2025-02-05 02:00:00,2025-02-09 02:00:00
C05981,Sai Nair,bad-email,+91-9000005981,WEST,PREMIUM,2026-04-07 18:00:00,2026-09-04 18:00:00
C05982,Diya Rao,diya.rao5982@example.com,+91-9000005982,SOUTH,STANDARD,2026-06-13 18:00:00,2026-07-25 18:00:00
C05983,Aisha Nair,bad-email,+91-9000005983,WEST,STANDARD,2025-07-13 02:00:00,2025-09-22 02:00:00
C05984,Sneha Kumar,sneha.kumar5984@example.com,+91-9000005984,NORTH,STANDARD,2026-02-21 01:00:00,2026-03-23 01:00:00
C05985,Priya Rao,bad-email,+91-9000005985,SOUTH,PREMIUM,2026-08-31 18:00:00,2026-09-06 18:00:00
C05986,Aditya Kapoor,aditya.kapoor5986@example.com,+91-9000005986,WEST,PREMIUM,2025-03-22 23:00:00,2025-08-15 23:00:00
C05987,Nikhil Iyer,bad-email,+91-9000005987,WEST,CORPORATE,2025-09-23 10:00:00,2026-01-13 10:00:00
C05988,Sai Mehta,sai.mehta5988@example.com,+91-9000005988,NORTH,STANDARD,2026-05-20 02:00:00,2026-06-09 02:00:00
C05989,Arjun Singh,bad-email,+91-9000005989,NORTH,CORPORATE,2026-03-22 21:00:00,2026-07-31 21:00:00
C05990,Vivaan Patel,vivaan.patel5990@example.com,+91-9000005990,SOUTH,STANDARD,2025-07-22 16:00:00,2025-12-22 16:00:00
C05991,Pooja Mehta,bad-email,+91-9000005991,NORTH,STANDARD,2026-03-04 14:00:00,2026-05-27 14:00:00
C05992,Vikram Nair,vikram.nair5992@example.com,+91-9000005992,SOUTH,CORPORATE,2025-12-23 22:00:00,2026-04-11 22:00:00
C05993,Priya Nair,bad-email,+91-9000005993,SOUTH,STANDARD,2025-10-13 05:00:00,2025-10-21 05:00:00
C05994,Aarav Kumar,aarav.kumar5994@example.com,+91-9000005994,WEST,STANDARD,2026-04-14 22:00:00,2026-06-09 22:00:00
C05995,Ishita Nair,bad-email,+91-9000005995,NORTH,STANDARD,2025-08-27 20:00:00,2026-01-03 20:00:00
C05996,Meera Chowdhury,meera.chowdhury5996@example.com,+91-9000005996,WEST,PREMIUM,2025-12-23 17:00:00,2026-02-13 17:00:00
C05997,Priya Singh,bad-email,+91-9000005997,NORTH,CORPORATE,2026-08-16 03:00:00,2026-08-24 03:00:00
C05998,Sneha Nair,sneha.nair5998@example.com,+91-9000005998,NORTH,STANDARD,2026-05-27 02:00:00,2026-08-01 02:00:00
C05999,Meera Reddy,bad-email,+91-9000005999,NORTH,PREMIUM,2025-12-28 06:00:00,2026-01-16 06:00:00
